
         /\      Grafana   /‾‾/  
    /\  /  \     |\  __   /  /   
   /  \/    \    | |/ /  /   ‾‾\ 
  /          \   |   (  |  (‾)  |
 / __________ \  |_|\_\  \_____/ 


     execution: local
        script: 12-npl.load.k6.js
        output: -

     scenarios: (100.00%) 4 scenarios, 57 max VUs, 10m30s max duration (incl. graceful stop):
              * load: Up to 10 looping VUs for 9m0s over 3 stages (gracefulRampDown: 30s, exec: browseCorePages, gracefulStop: 30s)
              * smoke: 5 iterations for each of 2 VUs (maxDuration: 2m0s, exec: browseCorePages, gracefulStop: 30s)
              * soak: 5 looping VUs for 10m0s (exec: browseCorePages, gracefulStop: 30s)
              * spike: Up to 40 looping VUs for 3m30s over 4 stages (gracefulRampDown: 30s, exec: browseCorePages, gracefulStop: 30s)


running (00m01.0s), 09/57 VUs, 0 complete and 0 interrupted iterations
load    [   0% ] 01/10 VUs  0m01.0s/9m00.0s
smoke   [   0% ] 2 VUs      0m01.0s/2m0s  00/10 iters, 5 per VU
soak    [   0% ] 5 VUs      00m01.0s/10m0s
spike   [   0% ] 01/40 VUs  0m01.0s/3m30.0s

running (00m02.0s), 09/57 VUs, 0 complete and 0 interrupted iterations
load    [   0% ] 01/10 VUs  0m02.0s/9m00.0s
smoke   [   0% ] 2 VUs      0m02.0s/2m0s  00/10 iters, 5 per VU
soak    [   0% ] 5 VUs      00m02.0s/10m0s
spike   [   1% ] 01/40 VUs  0m02.0s/3m30.0s

running (00m03.0s), 09/57 VUs, 0 complete and 0 interrupted iterations
load    [   1% ] 01/10 VUs  0m03.0s/9m00.0s
smoke   [   0% ] 2 VUs      0m03.0s/2m0s  00/10 iters, 5 per VU
soak    [   0% ] 5 VUs      00m03.0s/10m0s
spike   [   1% ] 01/40 VUs  0m03.0s/3m30.0s

running (00m04.0s), 09/57 VUs, 0 complete and 0 interrupted iterations
load    [   1% ] 01/10 VUs  0m04.0s/9m00.0s
smoke   [   0% ] 2 VUs      0m04.0s/2m0s  00/10 iters, 5 per VU
soak    [   1% ] 5 VUs      00m04.0s/10m0s
spike   [   2% ] 01/40 VUs  0m04.0s/3m30.0s

running (00m05.0s), 09/57 VUs, 0 complete and 0 interrupted iterations
load    [   1% ] 01/10 VUs  0m05.0s/9m00.0s
smoke   [   0% ] 2 VUs      0m05.0s/2m0s  00/10 iters, 5 per VU
soak    [   1% ] 5 VUs      00m05.0s/10m0s
spike   [   2% ] 01/40 VUs  0m05.0s/3m30.0s

running (00m06.0s), 09/57 VUs, 0 complete and 0 interrupted iterations
load    [   1% ] 01/10 VUs  0m06.0s/9m00.0s
smoke   [   0% ] 2 VUs      0m06.0s/2m0s  00/10 iters, 5 per VU
soak    [   1% ] 5 VUs      00m06.0s/10m0s
spike   [   3% ] 01/40 VUs  0m06.0s/3m30.0s

running (00m07.0s), 09/57 VUs, 3 complete and 0 interrupted iterations
load    [   1% ] 01/10 VUs  0m07.0s/9m00.0s
smoke   [  10% ] 2 VUs      0m07.0s/2m0s  01/10 iters, 5 per VU
soak    [   1% ] 5 VUs      00m07.0s/10m0s
spike   [   3% ] 01/40 VUs  0m07.0s/3m30.0s

running (00m08.0s), 09/57 VUs, 5 complete and 0 interrupted iterations
load    [   1% ] 01/10 VUs  0m08.0s/9m00.0s
smoke   [  20% ] 2 VUs      0m08.0s/2m0s  02/10 iters, 5 per VU
soak    [   1% ] 5 VUs      00m08.0s/10m0s
spike   [   4% ] 01/40 VUs  0m08.0s/3m30.0s

running (00m09.0s), 09/57 VUs, 9 complete and 0 interrupted iterations
load    [   2% ] 01/10 VUs  0m09.0s/9m00.0s
smoke   [  20% ] 2 VUs      0m09.0s/2m0s  02/10 iters, 5 per VU
soak    [   1% ] 5 VUs      00m09.0s/10m0s
spike   [   4% ] 01/40 VUs  0m09.0s/3m30.0s

running (00m10.0s), 09/57 VUs, 9 complete and 0 interrupted iterations
load    [   2% ] 01/10 VUs  0m10.0s/9m00.0s
smoke   [  20% ] 2 VUs      0m10.0s/2m0s  02/10 iters, 5 per VU
soak    [   2% ] 5 VUs      00m10.0s/10m0s
spike   [   5% ] 01/40 VUs  0m10.0s/3m30.0s

running (00m11.0s), 09/57 VUs, 9 complete and 0 interrupted iterations
load    [   2% ] 01/10 VUs  0m11.0s/9m00.0s
smoke   [  20% ] 2 VUs      0m11.0s/2m0s  02/10 iters, 5 per VU
soak    [   2% ] 5 VUs      00m11.0s/10m0s
spike   [   5% ] 01/40 VUs  0m11.0s/3m30.0s

running (00m12.0s), 09/57 VUs, 9 complete and 0 interrupted iterations
load    [   2% ] 01/10 VUs  0m12.0s/9m00.0s
smoke   [  20% ] 2 VUs      0m12.0s/2m0s  02/10 iters, 5 per VU
soak    [   2% ] 5 VUs      00m12.0s/10m0s
spike   [   6% ] 01/40 VUs  0m12.0s/3m30.0s

running (00m13.0s), 09/57 VUs, 11 complete and 0 interrupted iterations
load    [   2% ] 01/10 VUs  0m13.0s/9m00.0s
smoke   [  20% ] 2 VUs      0m13.0s/2m0s  02/10 iters, 5 per VU
soak    [   2% ] 5 VUs      00m13.0s/10m0s
spike   [   6% ] 01/40 VUs  0m13.0s/3m30.0s

running (00m14.0s), 10/57 VUs, 14 complete and 0 interrupted iterations
load    [   3% ] 02/10 VUs  0m14.0s/9m00.0s
smoke   [  40% ] 2 VUs      0m14.0s/2m0s  04/10 iters, 5 per VU
soak    [   2% ] 5 VUs      00m14.0s/10m0s
spike   [   7% ] 01/40 VUs  0m14.0s/3m30.0s

running (00m15.0s), 10/57 VUs, 15 complete and 0 interrupted iterations
load    [   3% ] 02/10 VUs  0m15.0s/9m00.0s
smoke   [  40% ] 2 VUs      0m15.0s/2m0s  04/10 iters, 5 per VU
soak    [   2% ] 5 VUs      00m15.0s/10m0s
spike   [   7% ] 01/40 VUs  0m15.0s/3m30.0s

running (00m16.0s), 10/57 VUs, 18 complete and 0 interrupted iterations
load    [   3% ] 02/10 VUs  0m16.0s/9m00.0s
smoke   [  40% ] 2 VUs      0m16.0s/2m0s  04/10 iters, 5 per VU
soak    [   3% ] 5 VUs      00m16.0s/10m0s
spike   [   8% ] 01/40 VUs  0m16.0s/3m30.0s

running (00m17.0s), 10/57 VUs, 18 complete and 0 interrupted iterations
load    [   3% ] 02/10 VUs  0m17.0s/9m00.0s
smoke   [  40% ] 2 VUs      0m17.0s/2m0s  04/10 iters, 5 per VU
soak    [   3% ] 5 VUs      00m17.0s/10m0s
spike   [   8% ] 01/40 VUs  0m17.0s/3m30.0s

running (00m18.0s), 10/57 VUs, 18 complete and 0 interrupted iterations
load    [   3% ] 02/10 VUs  0m18.0s/9m00.0s
smoke   [  40% ] 2 VUs      0m18.0s/2m0s  04/10 iters, 5 per VU
soak    [   3% ] 5 VUs      00m18.0s/10m0s
spike   [   9% ] 01/40 VUs  0m18.0s/3m30.0s

running (00m19.0s), 10/57 VUs, 20 complete and 0 interrupted iterations
load    [   4% ] 02/10 VUs  0m19.0s/9m00.0s
smoke   [  40% ] 2 VUs      0m19.0s/2m0s  04/10 iters, 5 per VU
soak    [   3% ] 5 VUs      00m19.0s/10m0s
spike   [   9% ] 01/40 VUs  0m19.0s/3m30.0s

running (00m20.0s), 10/57 VUs, 21 complete and 0 interrupted iterations
load    [   4% ] 02/10 VUs  0m20.0s/9m00.0s
smoke   [  40% ] 2 VUs      0m20.0s/2m0s  04/10 iters, 5 per VU
soak    [   3% ] 5 VUs      00m20.0s/10m0s
spike   [  10% ] 01/40 VUs  0m20.0s/3m30.0s

running (00m21.0s), 10/57 VUs, 24 complete and 0 interrupted iterations
load    [   4% ] 02/10 VUs  0m21.0s/9m00.0s
smoke   [  50% ] 2 VUs      0m21.0s/2m0s  05/10 iters, 5 per VU
soak    [   3% ] 5 VUs      00m21.0s/10m0s
spike   [  10% ] 01/40 VUs  0m21.0s/3m30.0s

running (00m22.0s), 10/57 VUs, 28 complete and 0 interrupted iterations
load    [   4% ] 02/10 VUs  0m22.0s/9m00.0s
smoke   [  60% ] 2 VUs      0m22.0s/2m0s  06/10 iters, 5 per VU
soak    [   4% ] 5 VUs      00m22.0s/10m0s
spike   [  10% ] 01/40 VUs  0m22.0s/3m30.0s

running (00m23.0s), 10/57 VUs, 28 complete and 0 interrupted iterations
load    [   4% ] 02/10 VUs  0m23.0s/9m00.0s
smoke   [  60% ] 2 VUs      0m23.0s/2m0s  06/10 iters, 5 per VU
soak    [   4% ] 5 VUs      00m23.0s/10m0s
spike   [  11% ] 01/40 VUs  0m23.0s/3m30.0s

running (00m24.0s), 10/57 VUs, 28 complete and 0 interrupted iterations
load    [   4% ] 02/10 VUs  0m24.0s/9m00.0s
smoke   [  60% ] 2 VUs      0m24.0s/2m0s  06/10 iters, 5 per VU
soak    [   4% ] 5 VUs      00m24.0s/10m0s
spike   [  11% ] 01/40 VUs  0m24.0s/3m30.0s

running (00m25.0s), 10/57 VUs, 29 complete and 0 interrupted iterations
load    [   5% ] 02/10 VUs  0m25.0s/9m00.0s
smoke   [  60% ] 2 VUs      0m25.0s/2m0s  06/10 iters, 5 per VU
soak    [   4% ] 5 VUs      00m25.0s/10m0s
spike   [  12% ] 01/40 VUs  0m25.0s/3m30.0s

running (00m26.0s), 10/57 VUs, 32 complete and 0 interrupted iterations
load    [   5% ] 02/10 VUs  0m26.0s/9m00.0s
smoke   [  60% ] 2 VUs      0m26.0s/2m0s  06/10 iters, 5 per VU
soak    [   4% ] 5 VUs      00m26.0s/10m0s
spike   [  12% ] 01/40 VUs  0m26.0s/3m30.0s

running (00m27.0s), 11/57 VUs, 35 complete and 0 interrupted iterations
load    [   5% ] 03/10 VUs  0m27.0s/9m00.0s
smoke   [  70% ] 2 VUs      0m27.0s/2m0s  07/10 iters, 5 per VU
soak    [   4% ] 5 VUs      00m27.0s/10m0s
spike   [  13% ] 01/40 VUs  0m27.0s/3m30.0s

running (00m28.0s), 11/57 VUs, 37 complete and 0 interrupted iterations
load    [   5% ] 03/10 VUs  0m28.0s/9m00.0s
smoke   [  80% ] 2 VUs      0m28.0s/2m0s  08/10 iters, 5 per VU
soak    [   5% ] 5 VUs      00m28.0s/10m0s
spike   [  13% ] 01/40 VUs  0m28.0s/3m30.0s

running (00m29.0s), 11/57 VUs, 38 complete and 0 interrupted iterations
load    [   5% ] 03/10 VUs  0m29.0s/9m00.0s
smoke   [  80% ] 2 VUs      0m29.0s/2m0s  08/10 iters, 5 per VU
soak    [   5% ] 5 VUs      00m29.0s/10m0s
spike   [  14% ] 01/40 VUs  0m29.0s/3m30.0s

running (00m30.0s), 11/57 VUs, 38 complete and 0 interrupted iterations
load    [   6% ] 03/10 VUs  0m30.0s/9m00.0s
smoke   [  80% ] 2 VUs      0m30.0s/2m0s  08/10 iters, 5 per VU
soak    [   5% ] 5 VUs      00m30.0s/10m0s
spike   [  14% ] 01/40 VUs  0m30.0s/3m30.0s

running (00m31.0s), 12/57 VUs, 41 complete and 0 interrupted iterations
load    [   6% ] 03/10 VUs  0m31.0s/9m00.0s
smoke   [  80% ] 2 VUs      0m31.0s/2m0s  08/10 iters, 5 per VU
soak    [   5% ] 5 VUs      00m31.0s/10m0s
spike   [  15% ] 02/40 VUs  0m31.0s/3m30.0s

running (00m32.0s), 12/57 VUs, 43 complete and 0 interrupted iterations
load    [   6% ] 03/10 VUs  0m32.0s/9m00.0s
smoke   [  90% ] 2 VUs      0m32.0s/2m0s  09/10 iters, 5 per VU
soak    [   5% ] 5 VUs      00m32.0s/10m0s
spike   [  15% ] 03/40 VUs  0m32.0s/3m30.0s

running (00m33.0s), 13/57 VUs, 45 complete and 0 interrupted iterations
load    [   6% ] 03/10 VUs  0m33.0s/9m00.0s
smoke   [  90% ] 2 VUs      0m33.0s/2m0s  09/10 iters, 5 per VU
soak    [   5% ] 5 VUs      00m33.0s/10m0s
spike   [  16% ] 04/40 VUs  0m33.0s/3m30.0s

running (00m34.0s), 14/57 VUs, 47 complete and 0 interrupted iterations
load    [   6% ] 03/10 VUs  0m34.0s/9m00.0s
smoke ✓ [ 100% ] 2 VUs      0m33.8s/2m0s  10/10 iters, 5 per VU
soak    [   6% ] 5 VUs      00m34.0s/10m0s
spike   [  16% ] 06/40 VUs  0m34.0s/3m30.0s

running (00m35.0s), 15/57 VUs, 48 complete and 0 interrupted iterations
load    [   6% ] 03/10 VUs  0m35.0s/9m00.0s
smoke ✓ [ 100% ] 2 VUs      0m33.8s/2m0s  10/10 iters, 5 per VU
soak    [   6% ] 5 VUs      00m35.0s/10m0s
spike   [  17% ] 07/40 VUs  0m35.0s/3m30.0s

running (00m36.0s), 16/57 VUs, 49 complete and 0 interrupted iterations
load    [   7% ] 03/10 VUs  0m36.0s/9m00.0s
smoke ✓ [ 100% ] 2 VUs      0m33.8s/2m0s  10/10 iters, 5 per VU
soak    [   6% ] 5 VUs      00m36.0s/10m0s
spike   [  17% ] 08/40 VUs  0m36.0s/3m30.0s

running (00m37.0s), 18/57 VUs, 50 complete and 0 interrupted iterations
load    [   7% ] 03/10 VUs  0m37.0s/9m00.0s
smoke ✓ [ 100% ] 2 VUs      0m33.8s/2m0s  10/10 iters, 5 per VU
soak    [   6% ] 5 VUs      00m37.0s/10m0s
spike   [  18% ] 10/40 VUs  0m37.0s/3m30.0s

running (00m38.0s), 19/57 VUs, 54 complete and 0 interrupted iterations
load    [   7% ] 03/10 VUs  0m38.0s/9m00.0s
smoke ✓ [ 100% ] 2 VUs      0m33.8s/2m0s  10/10 iters, 5 per VU
soak    [   6% ] 5 VUs      00m38.0s/10m0s
spike   [  18% ] 11/40 VUs  0m38.0s/3m30.0s

running (00m39.0s), 20/57 VUs, 57 complete and 0 interrupted iterations
load    [   7% ] 03/10 VUs  0m39.0s/9m00.0s
smoke ✓ [ 100% ] 2 VUs      0m33.8s/2m0s  10/10 iters, 5 per VU
soak    [   6% ] 5 VUs      00m39.0s/10m0s
spike   [  19% ] 12/40 VUs  0m39.0s/3m30.0s

running (00m40.0s), 21/57 VUs, 58 complete and 0 interrupted iterations
load    [   7% ] 03/10 VUs  0m40.0s/9m00.0s
smoke ✓ [ 100% ] 2 VUs      0m33.8s/2m0s  10/10 iters, 5 per VU
soak    [   7% ] 5 VUs      00m40.0s/10m0s
spike   [  19% ] 13/40 VUs  0m40.0s/3m30.0s

running (00m41.0s), 24/57 VUs, 59 complete and 0 interrupted iterations
load    [   8% ] 04/10 VUs  0m41.0s/9m00.0s
smoke ✓ [ 100% ] 2 VUs      0m33.8s/2m0s  10/10 iters, 5 per VU
soak    [   7% ] 5 VUs      00m41.0s/10m0s
spike   [  20% ] 15/40 VUs  0m41.0s/3m30.0s

running (00m42.0s), 25/57 VUs, 60 complete and 0 interrupted iterations
load    [   8% ] 04/10 VUs  0m42.0s/9m00.0s
smoke ✓ [ 100% ] 2 VUs      0m33.8s/2m0s  10/10 iters, 5 per VU
soak    [   7% ] 5 VUs      00m42.0s/10m0s
spike   [  20% ] 16/40 VUs  0m42.0s/3m30.0s

running (00m43.0s), 26/57 VUs, 65 complete and 0 interrupted iterations
load    [   8% ] 04/10 VUs  0m43.0s/9m00.0s
smoke ✓ [ 100% ] 2 VUs      0m33.8s/2m0s  10/10 iters, 5 per VU
soak    [   7% ] 5 VUs      00m43.0s/10m0s
spike   [  20% ] 17/40 VUs  0m43.0s/3m30.0s

running (00m44.0s), 28/57 VUs, 66 complete and 0 interrupted iterations
load    [   8% ] 04/10 VUs  0m44.0s/9m00.0s
smoke ✓ [ 100% ] 2 VUs      0m33.8s/2m0s  10/10 iters, 5 per VU
soak    [   7% ] 5 VUs      00m44.0s/10m0s
spike   [  21% ] 19/40 VUs  0m44.0s/3m30.0s

running (00m45.0s), 29/57 VUs, 67 complete and 0 interrupted iterations
load    [   8% ] 04/10 VUs  0m45.0s/9m00.0s
smoke ✓ [ 100% ] 2 VUs      0m33.8s/2m0s  10/10 iters, 5 per VU
soak    [   7% ] 5 VUs      00m45.0s/10m0s
spike   [  21% ] 20/40 VUs  0m45.0s/3m30.0s

running (00m46.0s), 30/57 VUs, 73 complete and 0 interrupted iterations
load    [   9% ] 04/10 VUs  0m46.0s/9m00.0s
smoke ✓ [ 100% ] 2 VUs      0m33.8s/2m0s  10/10 iters, 5 per VU
soak    [   8% ] 5 VUs      00m46.0s/10m0s
spike   [  22% ] 21/40 VUs  0m46.0s/3m30.0s

running (00m47.0s), 32/57 VUs, 76 complete and 0 interrupted iterations
load    [   9% ] 04/10 VUs  0m47.0s/9m00.0s
smoke ✓ [ 100% ] 2 VUs      0m33.8s/2m0s  10/10 iters, 5 per VU
soak    [   8% ] 5 VUs      00m47.0s/10m0s
spike   [  22% ] 23/40 VUs  0m47.0s/3m30.0s

running (00m48.0s), 33/57 VUs, 78 complete and 0 interrupted iterations
load    [   9% ] 04/10 VUs  0m48.0s/9m00.0s
smoke ✓ [ 100% ] 2 VUs      0m33.8s/2m0s  10/10 iters, 5 per VU
soak    [   8% ] 5 VUs      00m48.0s/10m0s
spike   [  23% ] 24/40 VUs  0m48.0s/3m30.0s

running (00m49.0s), 34/57 VUs, 82 complete and 0 interrupted iterations
load    [   9% ] 04/10 VUs  0m49.0s/9m00.0s
smoke ✓ [ 100% ] 2 VUs      0m33.8s/2m0s  10/10 iters, 5 per VU
soak    [   8% ] 5 VUs      00m49.0s/10m0s
spike   [  23% ] 25/40 VUs  0m49.0s/3m30.0s

running (00m50.0s), 35/57 VUs, 87 complete and 0 interrupted iterations
load    [   9% ] 04/10 VUs  0m50.0s/9m00.0s
smoke ✓ [ 100% ] 2 VUs      0m33.8s/2m0s  10/10 iters, 5 per VU
soak    [   8% ] 5 VUs      00m50.0s/10m0s
spike   [  24% ] 26/40 VUs  0m50.0s/3m30.0s

running (00m51.0s), 37/57 VUs, 88 complete and 0 interrupted iterations
load    [   9% ] 04/10 VUs  0m51.0s/9m00.0s
smoke ✓ [ 100% ] 2 VUs      0m33.8s/2m0s  10/10 iters, 5 per VU
soak    [   8% ] 5 VUs      00m51.0s/10m0s
spike   [  24% ] 28/40 VUs  0m51.0s/3m30.0s

running (00m52.0s), 38/57 VUs, 94 complete and 0 interrupted iterations
load    [  10% ] 04/10 VUs  0m52.0s/9m00.0s
smoke ✓ [ 100% ] 2 VUs      0m33.8s/2m0s  10/10 iters, 5 per VU
soak    [   9% ] 5 VUs      00m52.0s/10m0s
spike   [  25% ] 29/40 VUs  0m52.0s/3m30.0s

running (00m53.0s), 39/57 VUs, 95 complete and 0 interrupted iterations
load    [  10% ] 04/10 VUs  0m53.0s/9m00.0s
smoke ✓ [ 100% ] 2 VUs      0m33.8s/2m0s  10/10 iters, 5 per VU
soak    [   9% ] 5 VUs      00m53.0s/10m0s
spike   [  25% ] 30/40 VUs  0m53.0s/3m30.0s

running (00m54.0s), 42/57 VUs, 98 complete and 0 interrupted iterations
load    [  10% ] 05/10 VUs  0m54.0s/9m00.0s
smoke ✓ [ 100% ] 2 VUs      0m33.8s/2m0s  10/10 iters, 5 per VU
soak    [   9% ] 5 VUs      00m54.0s/10m0s
spike   [  26% ] 32/40 VUs  0m54.0s/3m30.0s

running (00m55.0s), 43/57 VUs, 100 complete and 0 interrupted iterations
load    [  10% ] 05/10 VUs  0m55.0s/9m00.0s
smoke ✓ [ 100% ] 2 VUs      0m33.8s/2m0s  10/10 iters, 5 per VU
soak    [   9% ] 5 VUs      00m55.0s/10m0s
spike   [  26% ] 33/40 VUs  0m55.0s/3m30.0s

running (00m56.0s), 44/57 VUs, 104 complete and 0 interrupted iterations
load    [  10% ] 05/10 VUs  0m56.0s/9m00.0s
smoke ✓ [ 100% ] 2 VUs      0m33.8s/2m0s  10/10 iters, 5 per VU
soak    [   9% ] 5 VUs      00m56.0s/10m0s
spike   [  27% ] 34/40 VUs  0m56.0s/3m30.0s

running (00m57.0s), 46/57 VUs, 109 complete and 0 interrupted iterations
load    [  11% ] 05/10 VUs  0m57.0s/9m00.0s
smoke ✓ [ 100% ] 2 VUs      0m33.8s/2m0s  10/10 iters, 5 per VU
soak    [   9% ] 5 VUs      00m57.0s/10m0s
spike   [  27% ] 36/40 VUs  0m57.0s/3m30.0s

running (00m58.0s), 47/57 VUs, 112 complete and 0 interrupted iterations
load    [  11% ] 05/10 VUs  0m58.0s/9m00.0s
smoke ✓ [ 100% ] 2 VUs      0m33.8s/2m0s  10/10 iters, 5 per VU
soak    [  10% ] 5 VUs      00m58.0s/10m0s
spike   [  28% ] 37/40 VUs  0m58.0s/3m30.0s

running (00m59.0s), 48/57 VUs, 116 complete and 0 interrupted iterations
load    [  11% ] 05/10 VUs  0m59.0s/9m00.0s
smoke ✓ [ 100% ] 2 VUs      0m33.8s/2m0s  10/10 iters, 5 per VU
soak    [  10% ] 5 VUs      00m59.0s/10m0s
spike   [  28% ] 38/40 VUs  0m59.0s/3m30.0s

running (01m00.0s), 49/57 VUs, 118 complete and 0 interrupted iterations
load    [  11% ] 05/10 VUs  1m00.0s/9m00.0s
smoke ✓ [ 100% ] 2 VUs      0m33.8s/2m0s  10/10 iters, 5 per VU
soak    [  10% ] 5 VUs      01m00.0s/10m0s
spike   [  29% ] 39/40 VUs  1m00.0s/3m30.0s

running (01m01.0s), 50/57 VUs, 124 complete and 0 interrupted iterations
load    [  11% ] 05/10 VUs  1m01.0s/9m00.0s
smoke ✓ [ 100% ] 2 VUs      0m33.8s/2m0s  10/10 iters, 5 per VU
soak    [  10% ] 5 VUs      01m01.0s/10m0s
spike   [  29% ] 40/40 VUs  1m01.0s/3m30.0s

running (01m02.0s), 50/57 VUs, 128 complete and 0 interrupted iterations
load    [  11% ] 05/10 VUs  1m02.0s/9m00.0s
smoke ✓ [ 100% ] 2 VUs      0m33.8s/2m0s  10/10 iters, 5 per VU
soak    [  10% ] 5 VUs      01m02.0s/10m0s
spike   [  30% ] 40/40 VUs  1m02.0s/3m30.0s

running (01m03.0s), 50/57 VUs, 132 complete and 0 interrupted iterations
load    [  12% ] 05/10 VUs  1m03.0s/9m00.0s
smoke ✓ [ 100% ] 2 VUs      0m33.8s/2m0s  10/10 iters, 5 per VU
soak    [  10% ] 5 VUs      01m03.0s/10m0s
spike   [  30% ] 40/40 VUs  1m03.0s/3m30.0s

running (01m04.0s), 50/57 VUs, 136 complete and 0 interrupted iterations
load    [  12% ] 05/10 VUs  1m04.0s/9m00.0s
smoke ✓ [ 100% ] 2 VUs      0m33.8s/2m0s  10/10 iters, 5 per VU
soak    [  11% ] 5 VUs      01m04.0s/10m0s
spike   [  30% ] 40/40 VUs  1m04.0s/3m30.0s

running (01m05.0s), 50/57 VUs, 138 complete and 0 interrupted iterations
load    [  12% ] 05/10 VUs  1m05.0s/9m00.0s
smoke ✓ [ 100% ] 2 VUs      0m33.8s/2m0s  10/10 iters, 5 per VU
soak    [  11% ] 5 VUs      01m05.0s/10m0s
spike   [  31% ] 40/40 VUs  1m05.0s/3m30.0s

running (01m06.0s), 50/57 VUs, 139 complete and 0 interrupted iterations
load    [  12% ] 05/10 VUs  1m06.0s/9m00.0s
smoke ✓ [ 100% ] 2 VUs      0m33.8s/2m0s  10/10 iters, 5 per VU
soak    [  11% ] 5 VUs      01m06.0s/10m0s
spike   [  31% ] 40/40 VUs  1m06.0s/3m30.0s

running (01m07.0s), 51/57 VUs, 140 complete and 0 interrupted iterations
load    [  12% ] 06/10 VUs  1m07.0s/9m00.0s
smoke ✓ [ 100% ] 2 VUs      0m33.8s/2m0s  10/10 iters, 5 per VU
soak    [  11% ] 5 VUs      01m07.0s/10m0s
spike   [  32% ] 40/40 VUs  1m07.0s/3m30.0s

running (01m08.0s), 51/57 VUs, 153 complete and 0 interrupted iterations
load    [  13% ] 06/10 VUs  1m08.0s/9m00.0s
smoke ✓ [ 100% ] 2 VUs      0m33.8s/2m0s  10/10 iters, 5 per VU
soak    [  11% ] 5 VUs      01m08.0s/10m0s
spike   [  32% ] 40/40 VUs  1m08.0s/3m30.0s

running (01m09.0s), 51/57 VUs, 158 complete and 0 interrupted iterations
load    [  13% ] 06/10 VUs  1m09.0s/9m00.0s
smoke ✓ [ 100% ] 2 VUs      0m33.8s/2m0s  10/10 iters, 5 per VU
soak    [  11% ] 5 VUs      01m09.0s/10m0s
spike   [  33% ] 40/40 VUs  1m09.0s/3m30.0s

running (01m10.0s), 51/57 VUs, 161 complete and 0 interrupted iterations
load    [  13% ] 06/10 VUs  1m10.0s/9m00.0s
smoke ✓ [ 100% ] 2 VUs      0m33.8s/2m0s  10/10 iters, 5 per VU
soak    [  12% ] 5 VUs      01m10.0s/10m0s
spike   [  33% ] 40/40 VUs  1m10.0s/3m30.0s

running (01m11.0s), 51/57 VUs, 162 complete and 0 interrupted iterations
load    [  13% ] 06/10 VUs  1m11.0s/9m00.0s
smoke ✓ [ 100% ] 2 VUs      0m33.8s/2m0s  10/10 iters, 5 per VU
soak    [  12% ] 5 VUs      01m11.0s/10m0s
spike   [  34% ] 40/40 VUs  1m11.0s/3m30.0s

running (01m12.0s), 51/57 VUs, 165 complete and 0 interrupted iterations
load    [  13% ] 06/10 VUs  1m12.0s/9m00.0s
smoke ✓ [ 100% ] 2 VUs      0m33.8s/2m0s  10/10 iters, 5 per VU
soak    [  12% ] 5 VUs      01m12.0s/10m0s
spike   [  34% ] 40/40 VUs  1m12.0s/3m30.0s

running (01m13.0s), 51/57 VUs, 173 complete and 0 interrupted iterations
load    [  14% ] 06/10 VUs  1m13.0s/9m00.0s
smoke ✓ [ 100% ] 2 VUs      0m33.8s/2m0s  10/10 iters, 5 per VU
soak    [  12% ] 5 VUs      01m13.0s/10m0s
spike   [  35% ] 40/40 VUs  1m13.0s/3m30.0s

running (01m14.0s), 51/57 VUs, 180 complete and 0 interrupted iterations
load    [  14% ] 06/10 VUs  1m14.0s/9m00.0s
smoke ✓ [ 100% ] 2 VUs      0m33.8s/2m0s  10/10 iters, 5 per VU
soak    [  12% ] 5 VUs      01m14.0s/10m0s
spike   [  35% ] 40/40 VUs  1m14.0s/3m30.0s

running (01m15.0s), 51/57 VUs, 182 complete and 0 interrupted iterations
load    [  14% ] 06/10 VUs  1m15.0s/9m00.0s
smoke ✓ [ 100% ] 2 VUs      0m33.8s/2m0s  10/10 iters, 5 per VU
soak    [  12% ] 5 VUs      01m15.0s/10m0s
spike   [  36% ] 40/40 VUs  1m15.0s/3m30.0s

running (01m16.0s), 51/57 VUs, 186 complete and 0 interrupted iterations
load    [  14% ] 06/10 VUs  1m16.0s/9m00.0s
smoke ✓ [ 100% ] 2 VUs      0m33.8s/2m0s  10/10 iters, 5 per VU
soak    [  13% ] 5 VUs      01m16.0s/10m0s
spike   [  36% ] 40/40 VUs  1m16.0s/3m30.0s

running (01m17.0s), 51/57 VUs, 190 complete and 0 interrupted iterations
load    [  14% ] 06/10 VUs  1m17.0s/9m00.0s
smoke ✓ [ 100% ] 2 VUs      0m33.8s/2m0s  10/10 iters, 5 per VU
soak    [  13% ] 5 VUs      01m17.0s/10m0s
spike   [  37% ] 40/40 VUs  1m17.0s/3m30.0s

running (01m18.0s), 51/57 VUs, 192 complete and 0 interrupted iterations
load    [  14% ] 06/10 VUs  1m18.0s/9m00.0s
smoke ✓ [ 100% ] 2 VUs      0m33.8s/2m0s  10/10 iters, 5 per VU
soak    [  13% ] 5 VUs      01m18.0s/10m0s
spike   [  37% ] 40/40 VUs  1m18.0s/3m30.0s

running (01m19.0s), 51/57 VUs, 193 complete and 0 interrupted iterations
load    [  15% ] 06/10 VUs  1m19.0s/9m00.0s
smoke ✓ [ 100% ] 2 VUs      0m33.8s/2m0s  10/10 iters, 5 per VU
soak    [  13% ] 5 VUs      01m19.0s/10m0s
spike   [  38% ] 40/40 VUs  1m19.0s/3m30.0s

running (01m20.0s), 51/57 VUs, 199 complete and 0 interrupted iterations
load    [  15% ] 06/10 VUs  1m20.0s/9m00.0s
smoke ✓ [ 100% ] 2 VUs      0m33.8s/2m0s  10/10 iters, 5 per VU
soak    [  13% ] 5 VUs      01m20.0s/10m0s
spike   [  38% ] 40/40 VUs  1m20.0s/3m30.0s

running (01m21.0s), 52/57 VUs, 208 complete and 0 interrupted iterations
load    [  15% ] 07/10 VUs  1m21.0s/9m00.0s
smoke ✓ [ 100% ] 2 VUs      0m33.8s/2m0s  10/10 iters, 5 per VU
soak    [  13% ] 5 VUs      01m21.0s/10m0s
spike   [  39% ] 40/40 VUs  1m21.0s/3m30.0s

running (01m22.0s), 52/57 VUs, 212 complete and 0 interrupted iterations
load    [  15% ] 07/10 VUs  1m22.0s/9m00.0s
smoke ✓ [ 100% ] 2 VUs      0m33.8s/2m0s  10/10 iters, 5 per VU
soak    [  14% ] 5 VUs      01m22.0s/10m0s
spike   [  39% ] 40/40 VUs  1m22.0s/3m30.0s

running (01m23.0s), 52/57 VUs, 215 complete and 0 interrupted iterations
load    [  15% ] 07/10 VUs  1m23.0s/9m00.0s
smoke ✓ [ 100% ] 2 VUs      0m33.8s/2m0s  10/10 iters, 5 per VU
soak    [  14% ] 5 VUs      01m23.0s/10m0s
spike   [  40% ] 40/40 VUs  1m23.0s/3m30.0s

running (01m24.0s), 52/57 VUs, 217 complete and 0 interrupted iterations
load    [  16% ] 07/10 VUs  1m24.0s/9m00.0s
smoke ✓ [ 100% ] 2 VUs      0m33.8s/2m0s  10/10 iters, 5 per VU
soak    [  14% ] 5 VUs      01m24.0s/10m0s
spike   [  40% ] 40/40 VUs  1m24.0s/3m30.0s

running (01m25.0s), 52/57 VUs, 226 complete and 0 interrupted iterations
load    [  16% ] 07/10 VUs  1m25.0s/9m00.0s
smoke ✓ [ 100% ] 2 VUs      0m33.8s/2m0s  10/10 iters, 5 per VU
soak    [  14% ] 5 VUs      01m25.0s/10m0s
spike   [  40% ] 40/40 VUs  1m25.0s/3m30.0s

running (01m26.0s), 52/57 VUs, 231 complete and 0 interrupted iterations
load    [  16% ] 07/10 VUs  1m26.0s/9m00.0s
smoke ✓ [ 100% ] 2 VUs      0m33.8s/2m0s  10/10 iters, 5 per VU
soak    [  14% ] 5 VUs      01m26.0s/10m0s
spike   [  41% ] 40/40 VUs  1m26.0s/3m30.0s

running (01m27.0s), 52/57 VUs, 236 complete and 0 interrupted iterations
load    [  16% ] 07/10 VUs  1m27.0s/9m00.0s
smoke ✓ [ 100% ] 2 VUs      0m33.8s/2m0s  10/10 iters, 5 per VU
soak    [  14% ] 5 VUs      01m27.0s/10m0s
spike   [  41% ] 40/40 VUs  1m27.0s/3m30.0s

running (01m28.0s), 52/57 VUs, 241 complete and 0 interrupted iterations
load    [  16% ] 07/10 VUs  1m28.0s/9m00.0s
smoke ✓ [ 100% ] 2 VUs      0m33.8s/2m0s  10/10 iters, 5 per VU
soak    [  15% ] 5 VUs      01m28.0s/10m0s
spike   [  42% ] 40/40 VUs  1m28.0s/3m30.0s

running (01m29.0s), 52/57 VUs, 242 complete and 0 interrupted iterations
load    [  16% ] 07/10 VUs  1m29.0s/9m00.0s
smoke ✓ [ 100% ] 2 VUs      0m33.8s/2m0s  10/10 iters, 5 per VU
soak    [  15% ] 5 VUs      01m29.0s/10m0s
spike   [  42% ] 40/40 VUs  1m29.0s/3m30.0s

running (01m30.0s), 52/57 VUs, 245 complete and 0 interrupted iterations
load    [  17% ] 07/10 VUs  1m30.0s/9m00.0s
smoke ✓ [ 100% ] 2 VUs      0m33.8s/2m0s  10/10 iters, 5 per VU
soak    [  15% ] 5 VUs      01m30.0s/10m0s
spike   [  43% ] 40/40 VUs  1m30.0s/3m30.0s

running (01m31.0s), 52/57 VUs, 252 complete and 0 interrupted iterations
load    [  17% ] 07/10 VUs  1m31.0s/9m00.0s
smoke ✓ [ 100% ] 2 VUs      0m33.8s/2m0s  10/10 iters, 5 per VU
soak    [  15% ] 5 VUs      01m31.0s/10m0s
spike   [  43% ] 40/40 VUs  1m31.0s/3m30.0s

running (01m32.0s), 52/57 VUs, 257 complete and 0 interrupted iterations
load    [  17% ] 07/10 VUs  1m32.0s/9m00.0s
smoke ✓ [ 100% ] 2 VUs      0m33.8s/2m0s  10/10 iters, 5 per VU
soak    [  15% ] 5 VUs      01m32.0s/10m0s
spike   [  44% ] 40/40 VUs  1m32.0s/3m30.0s

running (01m33.0s), 52/57 VUs, 263 complete and 0 interrupted iterations
load    [  17% ] 07/10 VUs  1m33.0s/9m00.0s
smoke ✓ [ 100% ] 2 VUs      0m33.8s/2m0s  10/10 iters, 5 per VU
soak    [  15% ] 5 VUs      01m33.0s/10m0s
spike   [  44% ] 40/40 VUs  1m33.0s/3m30.0s

running (01m34.0s), 53/57 VUs, 265 complete and 0 interrupted iterations
load    [  17% ] 08/10 VUs  1m34.0s/9m00.0s
smoke ✓ [ 100% ] 2 VUs      0m33.8s/2m0s  10/10 iters, 5 per VU
soak    [  16% ] 5 VUs      01m34.0s/10m0s
spike   [  45% ] 40/40 VUs  1m34.0s/3m30.0s

running (01m35.0s), 53/57 VUs, 270 complete and 0 interrupted iterations
load    [  18% ] 08/10 VUs  1m35.0s/9m00.0s
smoke ✓ [ 100% ] 2 VUs      0m33.8s/2m0s  10/10 iters, 5 per VU
soak    [  16% ] 5 VUs      01m35.0s/10m0s
spike   [  45% ] 40/40 VUs  1m35.0s/3m30.0s

running (01m36.0s), 53/57 VUs, 279 complete and 0 interrupted iterations
load    [  18% ] 08/10 VUs  1m36.0s/9m00.0s
smoke ✓ [ 100% ] 2 VUs      0m33.8s/2m0s  10/10 iters, 5 per VU
soak    [  16% ] 5 VUs      01m36.0s/10m0s
spike   [  46% ] 40/40 VUs  1m36.0s/3m30.0s

running (01m37.0s), 53/57 VUs, 286 complete and 0 interrupted iterations
load    [  18% ] 08/10 VUs  1m37.0s/9m00.0s
smoke ✓ [ 100% ] 2 VUs      0m33.8s/2m0s  10/10 iters, 5 per VU
soak    [  16% ] 5 VUs      01m37.0s/10m0s
spike   [  46% ] 40/40 VUs  1m37.0s/3m30.0s

running (01m38.0s), 53/57 VUs, 289 complete and 0 interrupted iterations
load    [  18% ] 08/10 VUs  1m38.0s/9m00.0s
smoke ✓ [ 100% ] 2 VUs      0m33.8s/2m0s  10/10 iters, 5 per VU
soak    [  16% ] 5 VUs      01m38.0s/10m0s
spike   [  47% ] 40/40 VUs  1m38.0s/3m30.0s

running (01m39.0s), 53/57 VUs, 290 complete and 0 interrupted iterations
load    [  18% ] 08/10 VUs  1m39.0s/9m00.0s
smoke ✓ [ 100% ] 2 VUs      0m33.8s/2m0s  10/10 iters, 5 per VU
soak    [  16% ] 5 VUs      01m39.0s/10m0s
spike   [  47% ] 40/40 VUs  1m39.0s/3m30.0s

running (01m40.0s), 53/57 VUs, 293 complete and 0 interrupted iterations
load    [  19% ] 08/10 VUs  1m40.0s/9m00.0s
smoke ✓ [ 100% ] 2 VUs      0m33.8s/2m0s  10/10 iters, 5 per VU
soak    [  17% ] 5 VUs      01m40.0s/10m0s
spike   [  48% ] 40/40 VUs  1m40.0s/3m30.0s

running (01m41.0s), 53/57 VUs, 298 complete and 0 interrupted iterations
load    [  19% ] 08/10 VUs  1m41.0s/9m00.0s
smoke ✓ [ 100% ] 2 VUs      0m33.8s/2m0s  10/10 iters, 5 per VU
soak    [  17% ] 5 VUs      01m41.0s/10m0s
spike   [  48% ] 40/40 VUs  1m41.0s/3m30.0s

running (01m42.0s), 53/57 VUs, 307 complete and 0 interrupted iterations
load    [  19% ] 08/10 VUs  1m42.0s/9m00.0s
smoke ✓ [ 100% ] 2 VUs      0m33.8s/2m0s  10/10 iters, 5 per VU
soak    [  17% ] 5 VUs      01m42.0s/10m0s
spike   [  49% ] 40/40 VUs  1m42.0s/3m30.0s

running (01m43.0s), 53/57 VUs, 309 complete and 0 interrupted iterations
load    [  19% ] 08/10 VUs  1m43.0s/9m00.0s
smoke ✓ [ 100% ] 2 VUs      0m33.8s/2m0s  10/10 iters, 5 per VU
soak    [  17% ] 5 VUs      01m43.0s/10m0s
spike   [  49% ] 40/40 VUs  1m43.0s/3m30.0s

running (01m44.0s), 53/57 VUs, 312 complete and 0 interrupted iterations
load    [  19% ] 08/10 VUs  1m44.0s/9m00.0s
smoke ✓ [ 100% ] 2 VUs      0m33.8s/2m0s  10/10 iters, 5 per VU
soak    [  17% ] 5 VUs      01m44.0s/10m0s
spike   [  50% ] 40/40 VUs  1m44.0s/3m30.0s

running (01m45.0s), 53/57 VUs, 314 complete and 0 interrupted iterations
load    [  19% ] 08/10 VUs  1m45.0s/9m00.0s
smoke ✓ [ 100% ] 2 VUs      0m33.8s/2m0s  10/10 iters, 5 per VU
soak    [  17% ] 5 VUs      01m45.0s/10m0s
spike   [  50% ] 40/40 VUs  1m45.0s/3m30.0s

running (01m46.0s), 53/57 VUs, 320 complete and 0 interrupted iterations
load    [  20% ] 08/10 VUs  1m46.0s/9m00.0s
smoke ✓ [ 100% ] 2 VUs      0m33.8s/2m0s  10/10 iters, 5 per VU
soak    [  18% ] 5 VUs      01m46.0s/10m0s
spike   [  50% ] 40/40 VUs  1m46.0s/3m30.0s

running (01m47.0s), 54/57 VUs, 332 complete and 0 interrupted iterations
load    [  20% ] 09/10 VUs  1m47.0s/9m00.0s
smoke ✓ [ 100% ] 2 VUs      0m33.8s/2m0s  10/10 iters, 5 per VU
soak    [  18% ] 5 VUs      01m47.0s/10m0s
spike   [  51% ] 40/40 VUs  1m47.0s/3m30.0s

running (01m48.0s), 54/57 VUs, 338 complete and 0 interrupted iterations
load    [  20% ] 09/10 VUs  1m48.0s/9m00.0s
smoke ✓ [ 100% ] 2 VUs      0m33.8s/2m0s  10/10 iters, 5 per VU
soak    [  18% ] 5 VUs      01m48.0s/10m0s
spike   [  51% ] 40/40 VUs  1m48.0s/3m30.0s

running (01m49.0s), 54/57 VUs, 342 complete and 0 interrupted iterations
load    [  20% ] 09/10 VUs  1m49.0s/9m00.0s
smoke ✓ [ 100% ] 2 VUs      0m33.8s/2m0s  10/10 iters, 5 per VU
soak    [  18% ] 5 VUs      01m49.0s/10m0s
spike   [  52% ] 40/40 VUs  1m49.0s/3m30.0s

running (01m50.0s), 54/57 VUs, 343 complete and 0 interrupted iterations
load    [  20% ] 09/10 VUs  1m50.0s/9m00.0s
smoke ✓ [ 100% ] 2 VUs      0m33.8s/2m0s  10/10 iters, 5 per VU
soak    [  18% ] 5 VUs      01m50.0s/10m0s
spike   [  52% ] 40/40 VUs  1m50.0s/3m30.0s

running (01m51.0s), 54/57 VUs, 344 complete and 0 interrupted iterations
load    [  21% ] 09/10 VUs  1m51.0s/9m00.0s
smoke ✓ [ 100% ] 2 VUs      0m33.8s/2m0s  10/10 iters, 5 per VU
soak    [  18% ] 5 VUs      01m51.0s/10m0s
spike   [  53% ] 40/40 VUs  1m51.0s/3m30.0s

running (01m52.0s), 54/57 VUs, 351 complete and 0 interrupted iterations
load    [  21% ] 09/10 VUs  1m52.0s/9m00.0s
smoke ✓ [ 100% ] 2 VUs      0m33.8s/2m0s  10/10 iters, 5 per VU
soak    [  19% ] 5 VUs      01m52.0s/10m0s
spike   [  53% ] 40/40 VUs  1m52.0s/3m30.0s

running (01m53.0s), 54/57 VUs, 357 complete and 0 interrupted iterations
load    [  21% ] 09/10 VUs  1m53.0s/9m00.0s
smoke ✓ [ 100% ] 2 VUs      0m33.8s/2m0s  10/10 iters, 5 per VU
soak    [  19% ] 5 VUs      01m53.0s/10m0s
spike   [  54% ] 40/40 VUs  1m53.0s/3m30.0s

running (01m54.0s), 54/57 VUs, 360 complete and 0 interrupted iterations
load    [  21% ] 09/10 VUs  1m54.0s/9m00.0s
smoke ✓ [ 100% ] 2 VUs      0m33.8s/2m0s  10/10 iters, 5 per VU
soak    [  19% ] 5 VUs      01m54.0s/10m0s
spike   [  54% ] 40/40 VUs  1m54.0s/3m30.0s

running (01m55.0s), 54/57 VUs, 362 complete and 0 interrupted iterations
load    [  21% ] 09/10 VUs  1m55.0s/9m00.0s
smoke ✓ [ 100% ] 2 VUs      0m33.8s/2m0s  10/10 iters, 5 per VU
soak    [  19% ] 5 VUs      01m55.0s/10m0s
spike   [  55% ] 40/40 VUs  1m55.0s/3m30.0s

running (01m56.0s), 54/57 VUs, 364 complete and 0 interrupted iterations
load    [  21% ] 09/10 VUs  1m56.0s/9m00.0s
smoke ✓ [ 100% ] 2 VUs      0m33.8s/2m0s  10/10 iters, 5 per VU
soak    [  19% ] 5 VUs      01m56.0s/10m0s
spike   [  55% ] 40/40 VUs  1m56.0s/3m30.0s

running (01m57.0s), 54/57 VUs, 369 complete and 0 interrupted iterations
load    [  22% ] 09/10 VUs  1m57.0s/9m00.0s
smoke ✓ [ 100% ] 2 VUs      0m33.8s/2m0s  10/10 iters, 5 per VU
soak    [  19% ] 5 VUs      01m57.0s/10m0s
spike   [  56% ] 40/40 VUs  1m57.0s/3m30.0s

running (01m58.0s), 54/57 VUs, 382 complete and 0 interrupted iterations
load    [  22% ] 09/10 VUs  1m58.0s/9m00.0s
smoke ✓ [ 100% ] 2 VUs      0m33.8s/2m0s  10/10 iters, 5 per VU
soak    [  20% ] 5 VUs      01m58.0s/10m0s
spike   [  56% ] 40/40 VUs  1m58.0s/3m30.0s

running (01m59.0s), 54/57 VUs, 384 complete and 0 interrupted iterations
load    [  22% ] 09/10 VUs  1m59.0s/9m00.0s
smoke ✓ [ 100% ] 2 VUs      0m33.8s/2m0s  10/10 iters, 5 per VU
soak    [  20% ] 5 VUs      01m59.0s/10m0s
spike   [  57% ] 40/40 VUs  1m59.0s/3m30.0s

running (02m00.0s), 54/57 VUs, 387 complete and 0 interrupted iterations
load    [  22% ] 09/10 VUs  2m00.0s/9m00.0s
smoke ✓ [ 100% ] 2 VUs      0m33.8s/2m0s  10/10 iters, 5 per VU
soak    [  20% ] 5 VUs      02m00.0s/10m0s
spike   [  57% ] 40/40 VUs  2m00.0s/3m30.0s

running (02m01.0s), 55/57 VUs, 389 complete and 0 interrupted iterations
load    [  22% ] 10/10 VUs  2m01.0s/9m00.0s
smoke ✓ [ 100% ] 2 VUs      0m33.8s/2m0s  10/10 iters, 5 per VU
soak    [  20% ] 5 VUs      02m01.0s/10m0s
spike   [  58% ] 40/40 VUs  2m01.0s/3m30.0s

running (02m02.0s), 55/57 VUs, 394 complete and 0 interrupted iterations
load    [  23% ] 10/10 VUs  2m02.0s/9m00.0s
smoke ✓ [ 100% ] 2 VUs      0m33.8s/2m0s  10/10 iters, 5 per VU
soak    [  20% ] 5 VUs      02m02.0s/10m0s
spike   [  58% ] 40/40 VUs  2m02.0s/3m30.0s

running (02m03.0s), 55/57 VUs, 399 complete and 0 interrupted iterations
load    [  23% ] 10/10 VUs  2m03.0s/9m00.0s
smoke ✓ [ 100% ] 2 VUs      0m33.8s/2m0s  10/10 iters, 5 per VU
soak    [  20% ] 5 VUs      02m03.0s/10m0s
spike   [  59% ] 40/40 VUs  2m03.0s/3m30.0s

running (02m04.0s), 55/57 VUs, 406 complete and 0 interrupted iterations
load    [  23% ] 10/10 VUs  2m04.0s/9m00.0s
smoke ✓ [ 100% ] 2 VUs      0m33.8s/2m0s  10/10 iters, 5 per VU
soak    [  21% ] 5 VUs      02m04.0s/10m0s
spike   [  59% ] 40/40 VUs  2m04.0s/3m30.0s

running (02m05.0s), 55/57 VUs, 411 complete and 0 interrupted iterations
load    [  23% ] 10/10 VUs  2m05.0s/9m00.0s
smoke ✓ [ 100% ] 2 VUs      0m33.8s/2m0s  10/10 iters, 5 per VU
soak    [  21% ] 5 VUs      02m05.0s/10m0s
spike   [  60% ] 40/40 VUs  2m05.0s/3m30.0s

running (02m06.0s), 55/57 VUs, 411 complete and 0 interrupted iterations
load    [  23% ] 10/10 VUs  2m06.0s/9m00.0s
smoke ✓ [ 100% ] 2 VUs      0m33.8s/2m0s  10/10 iters, 5 per VU
soak    [  21% ] 5 VUs      02m06.0s/10m0s
spike   [  60% ] 40/40 VUs  2m06.0s/3m30.0s

running (02m07.0s), 55/57 VUs, 414 complete and 0 interrupted iterations
load    [  24% ] 10/10 VUs  2m07.0s/9m00.0s
smoke ✓ [ 100% ] 2 VUs      0m33.8s/2m0s  10/10 iters, 5 per VU
soak    [  21% ] 5 VUs      02m07.0s/10m0s
spike   [  60% ] 40/40 VUs  2m07.0s/3m30.0s

running (02m08.0s), 55/57 VUs, 421 complete and 0 interrupted iterations
load    [  24% ] 10/10 VUs  2m08.0s/9m00.0s
smoke ✓ [ 100% ] 2 VUs      0m33.8s/2m0s  10/10 iters, 5 per VU
soak    [  21% ] 5 VUs      02m08.0s/10m0s
spike   [  61% ] 40/40 VUs  2m08.0s/3m30.0s

running (02m09.0s), 55/57 VUs, 429 complete and 0 interrupted iterations
load    [  24% ] 10/10 VUs  2m09.0s/9m00.0s
smoke ✓ [ 100% ] 2 VUs      0m33.8s/2m0s  10/10 iters, 5 per VU
soak    [  21% ] 5 VUs      02m09.0s/10m0s
spike   [  61% ] 40/40 VUs  2m09.0s/3m30.0s

running (02m10.0s), 55/57 VUs, 433 complete and 0 interrupted iterations
load    [  24% ] 10/10 VUs  2m10.0s/9m00.0s
smoke ✓ [ 100% ] 2 VUs      0m33.8s/2m0s  10/10 iters, 5 per VU
soak    [  22% ] 5 VUs      02m10.0s/10m0s
spike   [  62% ] 40/40 VUs  2m10.0s/3m30.0s

running (02m11.0s), 55/57 VUs, 434 complete and 0 interrupted iterations
load    [  24% ] 10/10 VUs  2m11.0s/9m00.0s
smoke ✓ [ 100% ] 2 VUs      0m33.8s/2m0s  10/10 iters, 5 per VU
soak    [  22% ] 5 VUs      02m11.0s/10m0s
spike   [  62% ] 40/40 VUs  2m11.0s/3m30.0s

running (02m12.0s), 55/57 VUs, 436 complete and 0 interrupted iterations
load    [  24% ] 10/10 VUs  2m12.0s/9m00.0s
smoke ✓ [ 100% ] 2 VUs      0m33.8s/2m0s  10/10 iters, 5 per VU
soak    [  22% ] 5 VUs      02m12.0s/10m0s
spike   [  63% ] 40/40 VUs  2m12.0s/3m30.0s

running (02m13.0s), 55/57 VUs, 441 complete and 0 interrupted iterations
load    [  25% ] 10/10 VUs  2m13.0s/9m00.0s
smoke ✓ [ 100% ] 2 VUs      0m33.8s/2m0s  10/10 iters, 5 per VU
soak    [  22% ] 5 VUs      02m13.0s/10m0s
spike   [  63% ] 40/40 VUs  2m13.0s/3m30.0s

running (02m14.0s), 55/57 VUs, 449 complete and 0 interrupted iterations
load    [  25% ] 10/10 VUs  2m14.0s/9m00.0s
smoke ✓ [ 100% ] 2 VUs      0m33.8s/2m0s  10/10 iters, 5 per VU
soak    [  22% ] 5 VUs      02m14.0s/10m0s
spike   [  64% ] 40/40 VUs  2m14.0s/3m30.0s

running (02m15.0s), 55/57 VUs, 451 complete and 0 interrupted iterations
load    [  25% ] 10/10 VUs  2m15.0s/9m00.0s
smoke ✓ [ 100% ] 2 VUs      0m33.8s/2m0s  10/10 iters, 5 per VU
soak    [  22% ] 5 VUs      02m15.0s/10m0s
spike   [  64% ] 40/40 VUs  2m15.0s/3m30.0s

running (02m16.0s), 55/57 VUs, 455 complete and 0 interrupted iterations
load    [  25% ] 10/10 VUs  2m16.0s/9m00.0s
smoke ✓ [ 100% ] 2 VUs      0m33.8s/2m0s  10/10 iters, 5 per VU
soak    [  23% ] 5 VUs      02m16.0s/10m0s
spike   [  65% ] 40/40 VUs  2m16.0s/3m30.0s

running (02m17.0s), 55/57 VUs, 455 complete and 0 interrupted iterations
load    [  25% ] 10/10 VUs  2m17.0s/9m00.0s
smoke ✓ [ 100% ] 2 VUs      0m33.8s/2m0s  10/10 iters, 5 per VU
soak    [  23% ] 5 VUs      02m17.0s/10m0s
spike   [  65% ] 40/40 VUs  2m17.0s/3m30.0s

running (02m18.0s), 55/57 VUs, 460 complete and 0 interrupted iterations
load    [  26% ] 10/10 VUs  2m18.0s/9m00.0s
smoke ✓ [ 100% ] 2 VUs      0m33.8s/2m0s  10/10 iters, 5 per VU
soak    [  23% ] 5 VUs      02m18.0s/10m0s
spike   [  66% ] 40/40 VUs  2m18.0s/3m30.0s

running (02m19.0s), 55/57 VUs, 470 complete and 0 interrupted iterations
load    [  26% ] 10/10 VUs  2m19.0s/9m00.0s
smoke ✓ [ 100% ] 2 VUs      0m33.8s/2m0s  10/10 iters, 5 per VU
soak    [  23% ] 5 VUs      02m19.0s/10m0s
spike   [  66% ] 40/40 VUs  2m19.0s/3m30.0s

running (02m20.0s), 55/57 VUs, 474 complete and 0 interrupted iterations
load    [  26% ] 10/10 VUs  2m20.0s/9m00.0s
smoke ✓ [ 100% ] 2 VUs      0m33.8s/2m0s  10/10 iters, 5 per VU
soak    [  23% ] 5 VUs      02m20.0s/10m0s
spike   [  67% ] 40/40 VUs  2m20.0s/3m30.0s

running (02m21.0s), 55/57 VUs, 476 complete and 0 interrupted iterations
load    [  26% ] 10/10 VUs  2m21.0s/9m00.0s
smoke ✓ [ 100% ] 2 VUs      0m33.8s/2m0s  10/10 iters, 5 per VU
soak    [  23% ] 5 VUs      02m21.0s/10m0s
spike   [  67% ] 40/40 VUs  2m21.0s/3m30.0s

running (02m22.0s), 55/57 VUs, 481 complete and 0 interrupted iterations
load    [  26% ] 10/10 VUs  2m22.0s/9m00.0s
smoke ✓ [ 100% ] 2 VUs      0m33.8s/2m0s  10/10 iters, 5 per VU
soak    [  24% ] 5 VUs      02m22.0s/10m0s
spike   [  68% ] 40/40 VUs  2m22.0s/3m30.0s

running (02m23.0s), 55/57 VUs, 486 complete and 0 interrupted iterations
load    [  26% ] 10/10 VUs  2m23.0s/9m00.0s
smoke ✓ [ 100% ] 2 VUs      0m33.8s/2m0s  10/10 iters, 5 per VU
soak    [  24% ] 5 VUs      02m23.0s/10m0s
spike   [  68% ] 40/40 VUs  2m23.0s/3m30.0s

running (02m24.0s), 55/57 VUs, 496 complete and 0 interrupted iterations
load    [  27% ] 10/10 VUs  2m24.0s/9m00.0s
smoke ✓ [ 100% ] 2 VUs      0m33.8s/2m0s  10/10 iters, 5 per VU
soak    [  24% ] 5 VUs      02m24.0s/10m0s
spike   [  69% ] 40/40 VUs  2m24.0s/3m30.0s

running (02m25.0s), 55/57 VUs, 500 complete and 0 interrupted iterations
load    [  27% ] 10/10 VUs  2m25.0s/9m00.0s
smoke ✓ [ 100% ] 2 VUs      0m33.8s/2m0s  10/10 iters, 5 per VU
soak    [  24% ] 5 VUs      02m25.0s/10m0s
spike   [  69% ] 40/40 VUs  2m25.0s/3m30.0s

running (02m26.0s), 55/57 VUs, 501 complete and 0 interrupted iterations
load    [  27% ] 10/10 VUs  2m26.0s/9m00.0s
smoke ✓ [ 100% ] 2 VUs      0m33.8s/2m0s  10/10 iters, 5 per VU
soak    [  24% ] 5 VUs      02m26.0s/10m0s
spike   [  70% ] 40/40 VUs  2m26.0s/3m30.0s

running (02m27.0s), 55/57 VUs, 506 complete and 0 interrupted iterations
load    [  27% ] 10/10 VUs  2m27.0s/9m00.0s
smoke ✓ [ 100% ] 2 VUs      0m33.8s/2m0s  10/10 iters, 5 per VU
soak    [  24% ] 5 VUs      02m27.0s/10m0s
spike   [  70% ] 40/40 VUs  2m27.0s/3m30.0s

running (02m28.0s), 55/57 VUs, 508 complete and 0 interrupted iterations
load    [  27% ] 10/10 VUs  2m28.0s/9m00.0s
smoke ✓ [ 100% ] 2 VUs      0m33.8s/2m0s  10/10 iters, 5 per VU
soak    [  25% ] 5 VUs      02m28.0s/10m0s
spike   [  70% ] 40/40 VUs  2m28.0s/3m30.0s

running (02m29.0s), 55/57 VUs, 510 complete and 0 interrupted iterations
load    [  28% ] 10/10 VUs  2m29.0s/9m00.0s
smoke ✓ [ 100% ] 2 VUs      0m33.8s/2m0s  10/10 iters, 5 per VU
soak    [  25% ] 5 VUs      02m29.0s/10m0s
spike   [  71% ] 40/40 VUs  2m29.0s/3m30.0s

running (02m30.0s), 55/57 VUs, 515 complete and 0 interrupted iterations
load    [  28% ] 10/10 VUs  2m30.0s/9m00.0s
smoke ✓ [ 100% ] 2 VUs      0m33.8s/2m0s  10/10 iters, 5 per VU
soak    [  25% ] 5 VUs      02m30.0s/10m0s
spike   [  71% ] 40/40 VUs  2m30.0s/3m30.0s

running (02m31.0s), 55/57 VUs, 518 complete and 0 interrupted iterations
load    [  28% ] 10/10 VUs  2m31.0s/9m00.0s
smoke ✓ [ 100% ] 2 VUs      0m33.8s/2m0s  10/10 iters, 5 per VU
soak    [  25% ] 5 VUs      02m31.0s/10m0s
spike   [  72% ] 40/40 VUs  2m31.0s/3m30.0s

running (02m32.0s), 55/57 VUs, 520 complete and 0 interrupted iterations
load    [  28% ] 10/10 VUs  2m32.0s/9m00.0s
smoke ✓ [ 100% ] 2 VUs      0m33.8s/2m0s  10/10 iters, 5 per VU
soak    [  25% ] 5 VUs      02m32.0s/10m0s
spike   [  72% ] 40/40 VUs  2m32.0s/3m30.0s

running (02m33.0s), 55/57 VUs, 528 complete and 0 interrupted iterations
load    [  28% ] 10/10 VUs  2m33.0s/9m00.0s
smoke ✓ [ 100% ] 2 VUs      0m33.8s/2m0s  10/10 iters, 5 per VU
soak    [  25% ] 5 VUs      02m33.0s/10m0s
spike   [  73% ] 40/40 VUs  2m33.0s/3m30.0s

running (02m34.0s), 55/57 VUs, 535 complete and 0 interrupted iterations
load    [  29% ] 10/10 VUs  2m34.0s/9m00.0s
smoke ✓ [ 100% ] 2 VUs      0m33.8s/2m0s  10/10 iters, 5 per VU
soak    [  26% ] 5 VUs      02m34.0s/10m0s
spike   [  73% ] 40/40 VUs  2m34.0s/3m30.0s

running (02m35.0s), 55/57 VUs, 540 complete and 0 interrupted iterations
load    [  29% ] 10/10 VUs  2m35.0s/9m00.0s
smoke ✓ [ 100% ] 2 VUs      0m33.8s/2m0s  10/10 iters, 5 per VU
soak    [  26% ] 5 VUs      02m35.0s/10m0s
spike   [  74% ] 40/40 VUs  2m35.0s/3m30.0s

running (02m36.0s), 55/57 VUs, 546 complete and 0 interrupted iterations
load    [  29% ] 10/10 VUs  2m36.0s/9m00.0s
smoke ✓ [ 100% ] 2 VUs      0m33.8s/2m0s  10/10 iters, 5 per VU
soak    [  26% ] 5 VUs      02m36.0s/10m0s
spike   [  74% ] 40/40 VUs  2m36.0s/3m30.0s

running (02m37.0s), 55/57 VUs, 550 complete and 0 interrupted iterations
load    [  29% ] 10/10 VUs  2m37.0s/9m00.0s
smoke ✓ [ 100% ] 2 VUs      0m33.8s/2m0s  10/10 iters, 5 per VU
soak    [  26% ] 5 VUs      02m37.0s/10m0s
spike   [  75% ] 40/40 VUs  2m37.0s/3m30.0s

running (02m38.0s), 55/57 VUs, 554 complete and 0 interrupted iterations
load    [  29% ] 10/10 VUs  2m38.0s/9m00.0s
smoke ✓ [ 100% ] 2 VUs      0m33.8s/2m0s  10/10 iters, 5 per VU
soak    [  26% ] 5 VUs      02m38.0s/10m0s
spike   [  75% ] 40/40 VUs  2m38.0s/3m30.0s

running (02m39.0s), 55/57 VUs, 558 complete and 0 interrupted iterations
load    [  29% ] 10/10 VUs  2m39.0s/9m00.0s
smoke ✓ [ 100% ] 2 VUs      0m33.8s/2m0s  10/10 iters, 5 per VU
soak    [  26% ] 5 VUs      02m39.0s/10m0s
spike   [  76% ] 40/40 VUs  2m39.0s/3m30.0s

running (02m40.0s), 55/57 VUs, 562 complete and 0 interrupted iterations
load    [  30% ] 10/10 VUs  2m40.0s/9m00.0s
smoke ✓ [ 100% ] 2 VUs      0m33.8s/2m0s  10/10 iters, 5 per VU
soak    [  27% ] 5 VUs      02m40.0s/10m0s
spike   [  76% ] 40/40 VUs  2m40.0s/3m30.0s

running (02m41.0s), 55/57 VUs, 565 complete and 0 interrupted iterations
load    [  30% ] 10/10 VUs  2m41.0s/9m00.0s
smoke ✓ [ 100% ] 2 VUs      0m33.8s/2m0s  10/10 iters, 5 per VU
soak    [  27% ] 5 VUs      02m41.0s/10m0s
spike   [  77% ] 40/40 VUs  2m41.0s/3m30.0s

running (02m42.0s), 55/57 VUs, 568 complete and 0 interrupted iterations
load    [  30% ] 10/10 VUs  2m42.0s/9m00.0s
smoke ✓ [ 100% ] 2 VUs      0m33.8s/2m0s  10/10 iters, 5 per VU
soak    [  27% ] 5 VUs      02m42.0s/10m0s
spike   [  77% ] 40/40 VUs  2m42.0s/3m30.0s

running (02m43.0s), 55/57 VUs, 572 complete and 0 interrupted iterations
load    [  30% ] 10/10 VUs  2m43.0s/9m00.0s
smoke ✓ [ 100% ] 2 VUs      0m33.8s/2m0s  10/10 iters, 5 per VU
soak    [  27% ] 5 VUs      02m43.0s/10m0s
spike   [  78% ] 40/40 VUs  2m43.0s/3m30.0s

running (02m44.0s), 55/57 VUs, 579 complete and 0 interrupted iterations
load    [  30% ] 10/10 VUs  2m44.0s/9m00.0s
smoke ✓ [ 100% ] 2 VUs      0m33.8s/2m0s  10/10 iters, 5 per VU
soak    [  27% ] 5 VUs      02m44.0s/10m0s
spike   [  78% ] 40/40 VUs  2m44.0s/3m30.0s

running (02m45.0s), 55/57 VUs, 585 complete and 0 interrupted iterations
load    [  31% ] 10/10 VUs  2m45.0s/9m00.0s
smoke ✓ [ 100% ] 2 VUs      0m33.8s/2m0s  10/10 iters, 5 per VU
soak    [  27% ] 5 VUs      02m45.0s/10m0s
spike   [  79% ] 40/40 VUs  2m45.0s/3m30.0s

running (02m46.0s), 55/57 VUs, 588 complete and 0 interrupted iterations
load    [  31% ] 10/10 VUs  2m46.0s/9m00.0s
smoke ✓ [ 100% ] 2 VUs      0m33.8s/2m0s  10/10 iters, 5 per VU
soak    [  28% ] 5 VUs      02m46.0s/10m0s
spike   [  79% ] 40/40 VUs  2m46.0s/3m30.0s

running (02m47.0s), 55/57 VUs, 592 complete and 0 interrupted iterations
load    [  31% ] 10/10 VUs  2m47.0s/9m00.0s
smoke ✓ [ 100% ] 2 VUs      0m33.8s/2m0s  10/10 iters, 5 per VU
soak    [  28% ] 5 VUs      02m47.0s/10m0s
spike   [  80% ] 40/40 VUs  2m47.0s/3m30.0s

running (02m48.0s), 55/57 VUs, 598 complete and 0 interrupted iterations
load    [  31% ] 10/10 VUs  2m48.0s/9m00.0s
smoke ✓ [ 100% ] 2 VUs      0m33.8s/2m0s  10/10 iters, 5 per VU
soak    [  28% ] 5 VUs      02m48.0s/10m0s
spike   [  80% ] 40/40 VUs  2m48.0s/3m30.0s

running (02m49.0s), 55/57 VUs, 602 complete and 0 interrupted iterations
load    [  31% ] 10/10 VUs  2m49.0s/9m00.0s
smoke ✓ [ 100% ] 2 VUs      0m33.8s/2m0s  10/10 iters, 5 per VU
soak    [  28% ] 5 VUs      02m49.0s/10m0s
spike   [  80% ] 40/40 VUs  2m49.0s/3m30.0s

running (02m50.0s), 55/57 VUs, 607 complete and 0 interrupted iterations
load    [  31% ] 10/10 VUs  2m50.0s/9m00.0s
smoke ✓ [ 100% ] 2 VUs      0m33.8s/2m0s  10/10 iters, 5 per VU
soak    [  28% ] 5 VUs      02m50.0s/10m0s
spike   [  81% ] 40/40 VUs  2m50.0s/3m30.0s

running (02m51.0s), 55/57 VUs, 613 complete and 0 interrupted iterations
load    [  32% ] 10/10 VUs  2m51.0s/9m00.0s
smoke ✓ [ 100% ] 2 VUs      0m33.8s/2m0s  10/10 iters, 5 per VU
soak    [  28% ] 5 VUs      02m51.0s/10m0s
spike   [  81% ] 40/40 VUs  2m51.0s/3m30.0s

running (02m52.0s), 55/57 VUs, 615 complete and 0 interrupted iterations
load    [  32% ] 10/10 VUs  2m52.0s/9m00.0s
smoke ✓ [ 100% ] 2 VUs      0m33.8s/2m0s  10/10 iters, 5 per VU
soak    [  29% ] 5 VUs      02m52.0s/10m0s
spike   [  82% ] 40/40 VUs  2m52.0s/3m30.0s

running (02m53.0s), 55/57 VUs, 615 complete and 0 interrupted iterations
load    [  32% ] 10/10 VUs  2m53.0s/9m00.0s
smoke ✓ [ 100% ] 2 VUs      0m33.8s/2m0s  10/10 iters, 5 per VU
soak    [  29% ] 5 VUs      02m53.0s/10m0s
spike   [  82% ] 40/40 VUs  2m53.0s/3m30.0s

running (02m54.0s), 55/57 VUs, 616 complete and 0 interrupted iterations
load    [  32% ] 10/10 VUs  2m54.0s/9m00.0s
smoke ✓ [ 100% ] 2 VUs      0m33.8s/2m0s  10/10 iters, 5 per VU
soak    [  29% ] 5 VUs      02m54.0s/10m0s
spike   [  83% ] 40/40 VUs  2m54.0s/3m30.0s

running (02m55.0s), 55/57 VUs, 625 complete and 0 interrupted iterations
load    [  32% ] 10/10 VUs  2m55.0s/9m00.0s
smoke ✓ [ 100% ] 2 VUs      0m33.8s/2m0s  10/10 iters, 5 per VU
soak    [  29% ] 5 VUs      02m55.0s/10m0s
spike   [  83% ] 40/40 VUs  2m55.0s/3m30.0s

running (02m56.0s), 55/57 VUs, 633 complete and 0 interrupted iterations
load    [  33% ] 10/10 VUs  2m56.0s/9m00.0s
smoke ✓ [ 100% ] 2 VUs      0m33.8s/2m0s  10/10 iters, 5 per VU
soak    [  29% ] 5 VUs      02m56.0s/10m0s
spike   [  84% ] 40/40 VUs  2m56.0s/3m30.0s

running (02m57.0s), 55/57 VUs, 638 complete and 0 interrupted iterations
load    [  33% ] 10/10 VUs  2m57.0s/9m00.0s
smoke ✓ [ 100% ] 2 VUs      0m33.8s/2m0s  10/10 iters, 5 per VU
soak    [  29% ] 5 VUs      02m57.0s/10m0s
spike   [  84% ] 40/40 VUs  2m57.0s/3m30.0s

running (02m58.0s), 55/57 VUs, 639 complete and 0 interrupted iterations
load    [  33% ] 10/10 VUs  2m58.0s/9m00.0s
smoke ✓ [ 100% ] 2 VUs      0m33.8s/2m0s  10/10 iters, 5 per VU
soak    [  30% ] 5 VUs      02m58.0s/10m0s
spike   [  85% ] 40/40 VUs  2m58.0s/3m30.0s

running (02m59.0s), 55/57 VUs, 643 complete and 0 interrupted iterations
load    [  33% ] 10/10 VUs  2m59.0s/9m00.0s
smoke ✓ [ 100% ] 2 VUs      0m33.8s/2m0s  10/10 iters, 5 per VU
soak    [  30% ] 5 VUs      02m59.0s/10m0s
spike   [  85% ] 40/40 VUs  2m59.0s/3m30.0s

running (03m00.0s), 55/57 VUs, 647 complete and 0 interrupted iterations
load    [  33% ] 10/10 VUs  3m00.0s/9m00.0s
smoke ✓ [ 100% ] 2 VUs      0m33.8s/2m0s  10/10 iters, 5 per VU
soak    [  30% ] 5 VUs      03m00.0s/10m0s
spike   [  86% ] 40/40 VUs  3m00.0s/3m30.0s

running (03m01.0s), 55/57 VUs, 656 complete and 0 interrupted iterations
load    [  34% ] 10/10 VUs  3m01.0s/9m00.0s
smoke ✓ [ 100% ] 2 VUs      0m33.8s/2m0s  10/10 iters, 5 per VU
soak    [  30% ] 5 VUs      03m01.0s/10m0s
spike   [  86% ] 40/40 VUs  3m01.0s/3m30.0s

running (03m02.0s), 55/57 VUs, 663 complete and 0 interrupted iterations
load    [  34% ] 10/10 VUs  3m02.0s/9m00.0s
smoke ✓ [ 100% ] 2 VUs      0m33.8s/2m0s  10/10 iters, 5 per VU
soak    [  30% ] 5 VUs      03m02.0s/10m0s
spike   [  87% ] 40/40 VUs  3m02.0s/3m30.0s

running (03m03.0s), 55/57 VUs, 665 complete and 0 interrupted iterations
load    [  34% ] 10/10 VUs  3m03.0s/9m00.0s
smoke ✓ [ 100% ] 2 VUs      0m33.8s/2m0s  10/10 iters, 5 per VU
soak    [  30% ] 5 VUs      03m03.0s/10m0s
spike   [  87% ] 40/40 VUs  3m03.0s/3m30.0s

running (03m04.0s), 55/57 VUs, 667 complete and 0 interrupted iterations
load    [  34% ] 10/10 VUs  3m04.0s/9m00.0s
smoke ✓ [ 100% ] 2 VUs      0m33.8s/2m0s  10/10 iters, 5 per VU
soak    [  31% ] 5 VUs      03m04.0s/10m0s
spike   [  88% ] 40/40 VUs  3m04.0s/3m30.0s

running (03m05.0s), 53/57 VUs, 677 complete and 0 interrupted iterations
load    [  34% ] 10/10 VUs  3m05.0s/9m00.0s
smoke ✓ [ 100% ] 2 VUs      0m33.8s/2m0s  10/10 iters, 5 per VU
soak    [  31% ] 5 VUs      03m05.0s/10m0s
spike   [  88% ] 38/40 VUs  3m05.0s/3m30.0s

running (03m06.0s), 53/57 VUs, 680 complete and 0 interrupted iterations
load    [  34% ] 10/10 VUs  3m06.0s/9m00.0s
smoke ✓ [ 100% ] 2 VUs      0m33.8s/2m0s  10/10 iters, 5 per VU
soak    [  31% ] 5 VUs      03m06.0s/10m0s
spike   [  89% ] 38/40 VUs  3m06.0s/3m30.0s

running (03m07.0s), 53/57 VUs, 681 complete and 0 interrupted iterations
load    [  35% ] 10/10 VUs  3m07.0s/9m00.0s
smoke ✓ [ 100% ] 2 VUs      0m33.8s/2m0s  10/10 iters, 5 per VU
soak    [  31% ] 5 VUs      03m07.0s/10m0s
spike   [  89% ] 38/40 VUs  3m07.0s/3m30.0s

running (03m08.0s), 53/57 VUs, 682 complete and 0 interrupted iterations
load    [  35% ] 10/10 VUs  3m08.0s/9m00.0s
smoke ✓ [ 100% ] 2 VUs      0m33.8s/2m0s  10/10 iters, 5 per VU
soak    [  31% ] 5 VUs      03m08.0s/10m0s
spike   [  90% ] 38/40 VUs  3m08.0s/3m30.0s

running (03m09.0s), 53/57 VUs, 685 complete and 0 interrupted iterations
load    [  35% ] 10/10 VUs  3m09.0s/9m00.0s
smoke ✓ [ 100% ] 2 VUs      0m33.8s/2m0s  10/10 iters, 5 per VU
soak    [  31% ] 5 VUs      03m09.0s/10m0s
spike   [  90% ] 38/40 VUs  3m09.0s/3m30.0s

running (03m10.0s), 51/57 VUs, 692 complete and 0 interrupted iterations
load    [  35% ] 10/10 VUs  3m10.0s/9m00.0s
smoke ✓ [ 100% ] 2 VUs      0m33.8s/2m0s  10/10 iters, 5 per VU
soak    [  32% ] 5 VUs      03m10.0s/10m0s
spike   [  90% ] 36/40 VUs  3m10.0s/3m30.0s

running (03m11.0s), 49/57 VUs, 700 complete and 0 interrupted iterations
load    [  35% ] 10/10 VUs  3m11.0s/9m00.0s
smoke ✓ [ 100% ] 2 VUs      0m33.8s/2m0s  10/10 iters, 5 per VU
soak    [  32% ] 5 VUs      03m11.0s/10m0s
spike   [  91% ] 34/40 VUs  3m11.0s/3m30.0s

running (03m12.0s), 46/57 VUs, 707 complete and 0 interrupted iterations
load    [  36% ] 10/10 VUs  3m12.0s/9m00.0s
smoke ✓ [ 100% ] 2 VUs      0m33.8s/2m0s  10/10 iters, 5 per VU
soak    [  32% ] 5 VUs      03m12.0s/10m0s
spike   [  91% ] 31/40 VUs  3m12.0s/3m30.0s

running (03m13.0s), 45/57 VUs, 710 complete and 0 interrupted iterations
load    [  36% ] 10/10 VUs  3m13.0s/9m00.0s
smoke ✓ [ 100% ] 2 VUs      0m33.8s/2m0s  10/10 iters, 5 per VU
soak    [  32% ] 5 VUs      03m13.0s/10m0s
spike   [  92% ] 30/40 VUs  3m13.0s/3m30.0s

running (03m14.0s), 45/57 VUs, 714 complete and 0 interrupted iterations
load    [  36% ] 10/10 VUs  3m14.0s/9m00.0s
smoke ✓ [ 100% ] 2 VUs      0m33.8s/2m0s  10/10 iters, 5 per VU
soak    [  32% ] 5 VUs      03m14.0s/10m0s
spike   [  92% ] 30/40 VUs  3m14.0s/3m30.0s

running (03m15.0s), 41/57 VUs, 723 complete and 0 interrupted iterations
load    [  36% ] 10/10 VUs  3m15.0s/9m00.0s
smoke ✓ [ 100% ] 2 VUs      0m33.8s/2m0s  10/10 iters, 5 per VU
soak    [  32% ] 5 VUs      03m15.0s/10m0s
spike   [  93% ] 26/40 VUs  3m15.0s/3m30.0s

running (03m16.0s), 38/57 VUs, 732 complete and 0 interrupted iterations
load    [  36% ] 10/10 VUs  3m16.0s/9m00.0s
smoke ✓ [ 100% ] 2 VUs      0m33.8s/2m0s  10/10 iters, 5 per VU
soak    [  33% ] 5 VUs      03m16.0s/10m0s
spike   [  93% ] 23/40 VUs  3m16.0s/3m30.0s

running (03m17.0s), 38/57 VUs, 733 complete and 0 interrupted iterations
load    [  36% ] 10/10 VUs  3m17.0s/9m00.0s
smoke ✓ [ 100% ] 2 VUs      0m33.8s/2m0s  10/10 iters, 5 per VU
soak    [  33% ] 5 VUs      03m17.0s/10m0s
spike   [  94% ] 23/40 VUs  3m17.0s/3m30.0s

running (03m18.0s), 38/57 VUs, 734 complete and 0 interrupted iterations
load    [  37% ] 10/10 VUs  3m18.0s/9m00.0s
smoke ✓ [ 100% ] 2 VUs      0m33.8s/2m0s  10/10 iters, 5 per VU
soak    [  33% ] 5 VUs      03m18.0s/10m0s
spike   [  94% ] 23/40 VUs  3m18.0s/3m30.0s

running (03m19.0s), 36/57 VUs, 740 complete and 0 interrupted iterations
load    [  37% ] 10/10 VUs  3m19.0s/9m00.0s
smoke ✓ [ 100% ] 2 VUs      0m33.8s/2m0s  10/10 iters, 5 per VU
soak    [  33% ] 5 VUs      03m19.0s/10m0s
spike   [  95% ] 21/40 VUs  3m19.0s/3m30.0s

running (03m20.0s), 34/57 VUs, 748 complete and 0 interrupted iterations
load    [  37% ] 10/10 VUs  3m20.0s/9m00.0s
smoke ✓ [ 100% ] 2 VUs      0m33.8s/2m0s  10/10 iters, 5 per VU
soak    [  33% ] 5 VUs      03m20.0s/10m0s
spike   [  95% ] 19/40 VUs  3m20.0s/3m30.0s

running (03m21.0s), 33/57 VUs, 753 complete and 0 interrupted iterations
load    [  37% ] 10/10 VUs  3m21.0s/9m00.0s
smoke ✓ [ 100% ] 2 VUs      0m33.8s/2m0s  10/10 iters, 5 per VU
soak    [  33% ] 5 VUs      03m21.0s/10m0s
spike   [  96% ] 18/40 VUs  3m21.0s/3m30.0s

running (03m22.0s), 32/57 VUs, 756 complete and 0 interrupted iterations
load    [  37% ] 10/10 VUs  3m22.0s/9m00.0s
smoke ✓ [ 100% ] 2 VUs      0m33.8s/2m0s  10/10 iters, 5 per VU
soak    [  34% ] 5 VUs      03m22.0s/10m0s
spike   [  96% ] 17/40 VUs  3m22.0s/3m30.0s

running (03m23.0s), 29/57 VUs, 766 complete and 0 interrupted iterations
load    [  38% ] 10/10 VUs  3m23.0s/9m00.0s
smoke ✓ [ 100% ] 2 VUs      0m33.8s/2m0s  10/10 iters, 5 per VU
soak    [  34% ] 5 VUs      03m23.0s/10m0s
spike   [  97% ] 14/40 VUs  3m23.0s/3m30.0s

running (03m24.0s), 28/57 VUs, 770 complete and 0 interrupted iterations
load    [  38% ] 10/10 VUs  3m24.0s/9m00.0s
smoke ✓ [ 100% ] 2 VUs      0m33.8s/2m0s  10/10 iters, 5 per VU
soak    [  34% ] 5 VUs      03m24.0s/10m0s
spike   [  97% ] 13/40 VUs  3m24.0s/3m30.0s

running (03m25.0s), 28/57 VUs, 772 complete and 0 interrupted iterations
load    [  38% ] 10/10 VUs  3m25.0s/9m00.0s
smoke ✓ [ 100% ] 2 VUs      0m33.8s/2m0s  10/10 iters, 5 per VU
soak    [  34% ] 5 VUs      03m25.0s/10m0s
spike   [  98% ] 13/40 VUs  3m25.0s/3m30.0s

running (03m26.0s), 28/57 VUs, 774 complete and 0 interrupted iterations
load    [  38% ] 10/10 VUs  3m26.0s/9m00.0s
smoke ✓ [ 100% ] 2 VUs      0m33.8s/2m0s  10/10 iters, 5 per VU
soak    [  34% ] 5 VUs      03m26.0s/10m0s
spike   [  98% ] 13/40 VUs  3m26.0s/3m30.0s

running (03m27.0s), 26/57 VUs, 780 complete and 0 interrupted iterations
load    [  38% ] 10/10 VUs  3m27.0s/9m00.0s
smoke ✓ [ 100% ] 2 VUs      0m33.8s/2m0s  10/10 iters, 5 per VU
soak    [  34% ] 5 VUs      03m27.0s/10m0s
spike   [  99% ] 11/40 VUs  3m27.0s/3m30.0s

running (03m28.0s), 26/57 VUs, 782 complete and 0 interrupted iterations
load    [  39% ] 10/10 VUs  3m28.0s/9m00.0s
smoke ✓ [ 100% ] 2 VUs      0m33.8s/2m0s  10/10 iters, 5 per VU
soak    [  35% ] 5 VUs      03m28.0s/10m0s
spike   [  99% ] 11/40 VUs  3m28.0s/3m30.0s

running (03m29.0s), 24/57 VUs, 786 complete and 0 interrupted iterations
load    [  39% ] 10/10 VUs  3m29.0s/9m00.0s
smoke ✓ [ 100% ] 2 VUs      0m33.8s/2m0s  10/10 iters, 5 per VU
soak    [  35% ] 5 VUs      03m29.0s/10m0s
spike   [ 100% ] 09/40 VUs  3m29.0s/3m30.0s

running (03m30.0s), 22/57 VUs, 791 complete and 0 interrupted iterations
load    [  39% ] 10/10 VUs  3m30.0s/9m00.0s
smoke ✓ [ 100% ] 2 VUs      0m33.8s/2m0s  10/10 iters, 5 per VU
soak    [  35% ] 5 VUs      03m30.0s/10m0s
spike   [ 100% ] 07/40 VUs  3m30.0s/3m30.0s

running (03m31.0s), 19/57 VUs, 797 complete and 0 interrupted iterations
load    [  39% ] 10/10 VUs  3m31.0s/9m00.0s
smoke ✓ [ 100% ] 2 VUs      0m33.8s/2m0s  10/10 iters, 5 per VU
soak    [  35% ] 5 VUs      03m31.0s/10m0s
spike ↓ [ 100% ] 07/40 VUs  3m30s        

running (03m32.0s), 18/57 VUs, 800 complete and 0 interrupted iterations
load    [  39% ] 10/10 VUs  3m32.0s/9m00.0s
smoke ✓ [ 100% ] 2 VUs      0m33.8s/2m0s  10/10 iters, 5 per VU
soak    [  35% ] 5 VUs      03m32.0s/10m0s
spike ↓ [ 100% ] 07/40 VUs  3m30s        

running (03m33.0s), 17/57 VUs, 803 complete and 0 interrupted iterations
load    [  39% ] 10/10 VUs  3m33.0s/9m00.0s
smoke ✓ [ 100% ] 2 VUs      0m33.8s/2m0s  10/10 iters, 5 per VU
soak    [  35% ] 5 VUs      03m33.0s/10m0s
spike ↓ [ 100% ] 07/40 VUs  3m30s        

running (03m34.0s), 16/57 VUs, 804 complete and 0 interrupted iterations
load    [  40% ] 10/10 VUs  3m34.0s/9m00.0s
smoke ✓ [ 100% ] 2 VUs      0m33.8s/2m0s  10/10 iters, 5 per VU
soak    [  36% ] 5 VUs      03m34.0s/10m0s
spike ↓ [ 100% ] 07/40 VUs  3m30s        

running (03m35.0s), 16/57 VUs, 806 complete and 0 interrupted iterations
load    [  40% ] 10/10 VUs  3m35.0s/9m00.0s
smoke ✓ [ 100% ] 2 VUs      0m33.8s/2m0s  10/10 iters, 5 per VU
soak    [  36% ] 5 VUs      03m35.0s/10m0s
spike ↓ [ 100% ] 07/40 VUs  3m30s        

running (03m36.0s), 16/57 VUs, 811 complete and 0 interrupted iterations
load    [  40% ] 10/10 VUs  3m36.0s/9m00.0s
smoke ✓ [ 100% ] 2 VUs      0m33.8s/2m0s  10/10 iters, 5 per VU
soak    [  36% ] 5 VUs      03m36.0s/10m0s
spike ↓ [ 100% ] 07/40 VUs  3m30s        

running (03m37.0s), 15/57 VUs, 814 complete and 0 interrupted iterations
load    [  40% ] 10/10 VUs  3m37.0s/9m00.0s
smoke ✓ [ 100% ] 2 VUs      0m33.8s/2m0s  10/10 iters, 5 per VU
soak    [  36% ] 5 VUs      03m37.0s/10m0s
spike ✓ [ 100% ] 00/40 VUs  3m30s        

running (03m38.0s), 15/57 VUs, 818 complete and 0 interrupted iterations
load    [  40% ] 10/10 VUs  3m38.0s/9m00.0s
smoke ✓ [ 100% ] 2 VUs      0m33.8s/2m0s  10/10 iters, 5 per VU
soak    [  36% ] 5 VUs      03m38.0s/10m0s
spike ✓ [ 100% ] 00/40 VUs  3m30s        

running (03m39.0s), 15/57 VUs, 819 complete and 0 interrupted iterations
load    [  41% ] 10/10 VUs  3m39.0s/9m00.0s
smoke ✓ [ 100% ] 2 VUs      0m33.8s/2m0s  10/10 iters, 5 per VU
soak    [  36% ] 5 VUs      03m39.0s/10m0s
spike ✓ [ 100% ] 00/40 VUs  3m30s        

running (03m40.0s), 15/57 VUs, 820 complete and 0 interrupted iterations
load    [  41% ] 10/10 VUs  3m40.0s/9m00.0s
smoke ✓ [ 100% ] 2 VUs      0m33.8s/2m0s  10/10 iters, 5 per VU
soak    [  37% ] 5 VUs      03m40.0s/10m0s
spike ✓ [ 100% ] 00/40 VUs  3m30s        

running (03m41.0s), 15/57 VUs, 823 complete and 0 interrupted iterations
load    [  41% ] 10/10 VUs  3m41.0s/9m00.0s
smoke ✓ [ 100% ] 2 VUs      0m33.8s/2m0s  10/10 iters, 5 per VU
soak    [  37% ] 5 VUs      03m41.0s/10m0s
spike ✓ [ 100% ] 00/40 VUs  3m30s        

running (03m42.0s), 15/57 VUs, 824 complete and 0 interrupted iterations
load    [  41% ] 10/10 VUs  3m42.0s/9m00.0s
smoke ✓ [ 100% ] 2 VUs      0m33.8s/2m0s  10/10 iters, 5 per VU
soak    [  37% ] 5 VUs      03m42.0s/10m0s
spike ✓ [ 100% ] 00/40 VUs  3m30s        

running (03m43.0s), 15/57 VUs, 827 complete and 0 interrupted iterations
load    [  41% ] 10/10 VUs  3m43.0s/9m00.0s
smoke ✓ [ 100% ] 2 VUs      0m33.8s/2m0s  10/10 iters, 5 per VU
soak    [  37% ] 5 VUs      03m43.0s/10m0s
spike ✓ [ 100% ] 00/40 VUs  3m30s        

running (03m44.0s), 15/57 VUs, 829 complete and 0 interrupted iterations
load    [  41% ] 10/10 VUs  3m44.0s/9m00.0s
smoke ✓ [ 100% ] 2 VUs      0m33.8s/2m0s  10/10 iters, 5 per VU
soak    [  37% ] 5 VUs      03m44.0s/10m0s
spike ✓ [ 100% ] 00/40 VUs  3m30s        

running (03m45.0s), 15/57 VUs, 834 complete and 0 interrupted iterations
load    [  42% ] 10/10 VUs  3m45.0s/9m00.0s
smoke ✓ [ 100% ] 2 VUs      0m33.8s/2m0s  10/10 iters, 5 per VU
soak    [  37% ] 5 VUs      03m45.0s/10m0s
spike ✓ [ 100% ] 00/40 VUs  3m30s        

running (03m46.0s), 15/57 VUs, 834 complete and 0 interrupted iterations
load    [  42% ] 10/10 VUs  3m46.0s/9m00.0s
smoke ✓ [ 100% ] 2 VUs      0m33.8s/2m0s  10/10 iters, 5 per VU
soak    [  38% ] 5 VUs      03m46.0s/10m0s
spike ✓ [ 100% ] 00/40 VUs  3m30s        

running (03m47.0s), 15/57 VUs, 835 complete and 0 interrupted iterations
load    [  42% ] 10/10 VUs  3m47.0s/9m00.0s
smoke ✓ [ 100% ] 2 VUs      0m33.8s/2m0s  10/10 iters, 5 per VU
soak    [  38% ] 5 VUs      03m47.0s/10m0s
spike ✓ [ 100% ] 00/40 VUs  3m30s        

running (03m48.0s), 15/57 VUs, 837 complete and 0 interrupted iterations
load    [  42% ] 10/10 VUs  3m48.0s/9m00.0s
smoke ✓ [ 100% ] 2 VUs      0m33.8s/2m0s  10/10 iters, 5 per VU
soak    [  38% ] 5 VUs      03m48.0s/10m0s
spike ✓ [ 100% ] 00/40 VUs  3m30s        

running (03m49.0s), 15/57 VUs, 838 complete and 0 interrupted iterations
load    [  42% ] 10/10 VUs  3m49.0s/9m00.0s
smoke ✓ [ 100% ] 2 VUs      0m33.8s/2m0s  10/10 iters, 5 per VU
soak    [  38% ] 5 VUs      03m49.0s/10m0s
spike ✓ [ 100% ] 00/40 VUs  3m30s        

running (03m50.0s), 15/57 VUs, 841 complete and 0 interrupted iterations
load    [  43% ] 10/10 VUs  3m50.0s/9m00.0s
smoke ✓ [ 100% ] 2 VUs      0m33.8s/2m0s  10/10 iters, 5 per VU
soak    [  38% ] 5 VUs      03m50.0s/10m0s
spike ✓ [ 100% ] 00/40 VUs  3m30s        

running (03m51.0s), 15/57 VUs, 846 complete and 0 interrupted iterations
load    [  43% ] 10/10 VUs  3m51.0s/9m00.0s
smoke ✓ [ 100% ] 2 VUs      0m33.8s/2m0s  10/10 iters, 5 per VU
soak    [  38% ] 5 VUs      03m51.0s/10m0s
spike ✓ [ 100% ] 00/40 VUs  3m30s        

running (03m52.0s), 15/57 VUs, 850 complete and 0 interrupted iterations
load    [  43% ] 10/10 VUs  3m52.0s/9m00.0s
smoke ✓ [ 100% ] 2 VUs      0m33.8s/2m0s  10/10 iters, 5 per VU
soak    [  39% ] 5 VUs      03m52.0s/10m0s
spike ✓ [ 100% ] 00/40 VUs  3m30s        

running (03m53.0s), 15/57 VUs, 850 complete and 0 interrupted iterations
load    [  43% ] 10/10 VUs  3m53.0s/9m00.0s
smoke ✓ [ 100% ] 2 VUs      0m33.8s/2m0s  10/10 iters, 5 per VU
soak    [  39% ] 5 VUs      03m53.0s/10m0s
spike ✓ [ 100% ] 00/40 VUs  3m30s        

running (03m54.0s), 15/57 VUs, 850 complete and 0 interrupted iterations
load    [  43% ] 10/10 VUs  3m54.0s/9m00.0s
smoke ✓ [ 100% ] 2 VUs      0m33.8s/2m0s  10/10 iters, 5 per VU
soak    [  39% ] 5 VUs      03m54.0s/10m0s
spike ✓ [ 100% ] 00/40 VUs  3m30s        

running (03m55.0s), 15/57 VUs, 852 complete and 0 interrupted iterations
load    [  44% ] 10/10 VUs  3m55.0s/9m00.0s
smoke ✓ [ 100% ] 2 VUs      0m33.8s/2m0s  10/10 iters, 5 per VU
soak    [  39% ] 5 VUs      03m55.0s/10m0s
spike ✓ [ 100% ] 00/40 VUs  3m30s        

running (03m56.0s), 15/57 VUs, 853 complete and 0 interrupted iterations
load    [  44% ] 10/10 VUs  3m56.0s/9m00.0s
smoke ✓ [ 100% ] 2 VUs      0m33.8s/2m0s  10/10 iters, 5 per VU
soak    [  39% ] 5 VUs      03m56.0s/10m0s
spike ✓ [ 100% ] 00/40 VUs  3m30s        

running (03m57.0s), 15/57 VUs, 854 complete and 0 interrupted iterations
load    [  44% ] 10/10 VUs  3m57.0s/9m00.0s
smoke ✓ [ 100% ] 2 VUs      0m33.8s/2m0s  10/10 iters, 5 per VU
soak    [  39% ] 5 VUs      03m57.0s/10m0s
spike ✓ [ 100% ] 00/40 VUs  3m30s        

running (03m58.0s), 15/57 VUs, 859 complete and 0 interrupted iterations
load    [  44% ] 10/10 VUs  3m58.0s/9m00.0s
smoke ✓ [ 100% ] 2 VUs      0m33.8s/2m0s  10/10 iters, 5 per VU
soak    [  40% ] 5 VUs      03m58.0s/10m0s
spike ✓ [ 100% ] 00/40 VUs  3m30s        

running (03m59.0s), 15/57 VUs, 864 complete and 0 interrupted iterations
load    [  44% ] 10/10 VUs  3m59.0s/9m00.0s
smoke ✓ [ 100% ] 2 VUs      0m33.8s/2m0s  10/10 iters, 5 per VU
soak    [  40% ] 5 VUs      03m59.0s/10m0s
spike ✓ [ 100% ] 00/40 VUs  3m30s        

running (04m00.0s), 15/57 VUs, 865 complete and 0 interrupted iterations
load    [  44% ] 10/10 VUs  4m00.0s/9m00.0s
smoke ✓ [ 100% ] 2 VUs      0m33.8s/2m0s  10/10 iters, 5 per VU
soak    [  40% ] 5 VUs      04m00.0s/10m0s
spike ✓ [ 100% ] 00/40 VUs  3m30s        

running (04m01.0s), 15/57 VUs, 867 complete and 0 interrupted iterations
load    [  45% ] 10/10 VUs  4m01.0s/9m00.0s
smoke ✓ [ 100% ] 2 VUs      0m33.8s/2m0s  10/10 iters, 5 per VU
soak    [  40% ] 5 VUs      04m01.0s/10m0s
spike ✓ [ 100% ] 00/40 VUs  3m30s        

running (04m02.0s), 15/57 VUs, 868 complete and 0 interrupted iterations
load    [  45% ] 10/10 VUs  4m02.0s/9m00.0s
smoke ✓ [ 100% ] 2 VUs      0m33.8s/2m0s  10/10 iters, 5 per VU
soak    [  40% ] 5 VUs      04m02.0s/10m0s
spike ✓ [ 100% ] 00/40 VUs  3m30s        

running (04m03.0s), 15/57 VUs, 870 complete and 0 interrupted iterations
load    [  45% ] 10/10 VUs  4m03.0s/9m00.0s
smoke ✓ [ 100% ] 2 VUs      0m33.8s/2m0s  10/10 iters, 5 per VU
soak    [  40% ] 5 VUs      04m03.0s/10m0s
spike ✓ [ 100% ] 00/40 VUs  3m30s        

running (04m04.0s), 15/57 VUs, 873 complete and 0 interrupted iterations
load    [  45% ] 10/10 VUs  4m04.0s/9m00.0s
smoke ✓ [ 100% ] 2 VUs      0m33.8s/2m0s  10/10 iters, 5 per VU
soak    [  41% ] 5 VUs      04m04.0s/10m0s
spike ✓ [ 100% ] 00/40 VUs  3m30s        

running (04m05.0s), 15/57 VUs, 878 complete and 0 interrupted iterations
load    [  45% ] 10/10 VUs  4m05.0s/9m00.0s
smoke ✓ [ 100% ] 2 VUs      0m33.8s/2m0s  10/10 iters, 5 per VU
soak    [  41% ] 5 VUs      04m05.0s/10m0s
spike ✓ [ 100% ] 00/40 VUs  3m30s        

running (04m06.0s), 15/57 VUs, 879 complete and 0 interrupted iterations
load    [  46% ] 10/10 VUs  4m06.0s/9m00.0s
smoke ✓ [ 100% ] 2 VUs      0m33.8s/2m0s  10/10 iters, 5 per VU
soak    [  41% ] 5 VUs      04m06.0s/10m0s
spike ✓ [ 100% ] 00/40 VUs  3m30s        

running (04m07.0s), 15/57 VUs, 879 complete and 0 interrupted iterations
load    [  46% ] 10/10 VUs  4m07.0s/9m00.0s
smoke ✓ [ 100% ] 2 VUs      0m33.8s/2m0s  10/10 iters, 5 per VU
soak    [  41% ] 5 VUs      04m07.0s/10m0s
spike ✓ [ 100% ] 00/40 VUs  3m30s        

running (04m08.0s), 15/57 VUs, 883 complete and 0 interrupted iterations
load    [  46% ] 10/10 VUs  4m08.0s/9m00.0s
smoke ✓ [ 100% ] 2 VUs      0m33.8s/2m0s  10/10 iters, 5 per VU
soak    [  41% ] 5 VUs      04m08.0s/10m0s
spike ✓ [ 100% ] 00/40 VUs  3m30s        

running (04m09.0s), 15/57 VUs, 885 complete and 0 interrupted iterations
load    [  46% ] 10/10 VUs  4m09.0s/9m00.0s
smoke ✓ [ 100% ] 2 VUs      0m33.8s/2m0s  10/10 iters, 5 per VU
soak    [  41% ] 5 VUs      04m09.0s/10m0s
spike ✓ [ 100% ] 00/40 VUs  3m30s        

running (04m10.0s), 15/57 VUs, 886 complete and 0 interrupted iterations
load    [  46% ] 10/10 VUs  4m10.0s/9m00.0s
smoke ✓ [ 100% ] 2 VUs      0m33.8s/2m0s  10/10 iters, 5 per VU
soak    [  42% ] 5 VUs      04m10.0s/10m0s
spike ✓ [ 100% ] 00/40 VUs  3m30s        

running (04m11.0s), 15/57 VUs, 889 complete and 0 interrupted iterations
load    [  46% ] 10/10 VUs  4m11.0s/9m00.0s
smoke ✓ [ 100% ] 2 VUs      0m33.8s/2m0s  10/10 iters, 5 per VU
soak    [  42% ] 5 VUs      04m11.0s/10m0s
spike ✓ [ 100% ] 00/40 VUs  3m30s        

running (04m12.0s), 15/57 VUs, 893 complete and 0 interrupted iterations
load    [  47% ] 10/10 VUs  4m12.0s/9m00.0s
smoke ✓ [ 100% ] 2 VUs      0m33.8s/2m0s  10/10 iters, 5 per VU
soak    [  42% ] 5 VUs      04m12.0s/10m0s
spike ✓ [ 100% ] 00/40 VUs  3m30s        

running (04m13.0s), 15/57 VUs, 893 complete and 0 interrupted iterations
load    [  47% ] 10/10 VUs  4m13.0s/9m00.0s
smoke ✓ [ 100% ] 2 VUs      0m33.8s/2m0s  10/10 iters, 5 per VU
soak    [  42% ] 5 VUs      04m13.0s/10m0s
spike ✓ [ 100% ] 00/40 VUs  3m30s        

running (04m14.0s), 15/57 VUs, 894 complete and 0 interrupted iterations
load    [  47% ] 10/10 VUs  4m14.0s/9m00.0s
smoke ✓ [ 100% ] 2 VUs      0m33.8s/2m0s  10/10 iters, 5 per VU
soak    [  42% ] 5 VUs      04m14.0s/10m0s
spike ✓ [ 100% ] 00/40 VUs  3m30s        

running (04m15.0s), 15/57 VUs, 898 complete and 0 interrupted iterations
load    [  47% ] 10/10 VUs  4m15.0s/9m00.0s
smoke ✓ [ 100% ] 2 VUs      0m33.8s/2m0s  10/10 iters, 5 per VU
soak    [  42% ] 5 VUs      04m15.0s/10m0s
spike ✓ [ 100% ] 00/40 VUs  3m30s        

running (04m16.0s), 15/57 VUs, 900 complete and 0 interrupted iterations
load    [  47% ] 10/10 VUs  4m16.0s/9m00.0s
smoke ✓ [ 100% ] 2 VUs      0m33.8s/2m0s  10/10 iters, 5 per VU
soak    [  43% ] 5 VUs      04m16.0s/10m0s
spike ✓ [ 100% ] 00/40 VUs  3m30s        

running (04m17.0s), 15/57 VUs, 904 complete and 0 interrupted iterations
load    [  48% ] 10/10 VUs  4m17.0s/9m00.0s
smoke ✓ [ 100% ] 2 VUs      0m33.8s/2m0s  10/10 iters, 5 per VU
soak    [  43% ] 5 VUs      04m17.0s/10m0s
spike ✓ [ 100% ] 00/40 VUs  3m30s        

running (04m18.0s), 15/57 VUs, 906 complete and 0 interrupted iterations
load    [  48% ] 10/10 VUs  4m18.0s/9m00.0s
smoke ✓ [ 100% ] 2 VUs      0m33.8s/2m0s  10/10 iters, 5 per VU
soak    [  43% ] 5 VUs      04m18.0s/10m0s
spike ✓ [ 100% ] 00/40 VUs  3m30s        

running (04m19.0s), 15/57 VUs, 908 complete and 0 interrupted iterations
load    [  48% ] 10/10 VUs  4m19.0s/9m00.0s
smoke ✓ [ 100% ] 2 VUs      0m33.8s/2m0s  10/10 iters, 5 per VU
soak    [  43% ] 5 VUs      04m19.0s/10m0s
spike ✓ [ 100% ] 00/40 VUs  3m30s        

running (04m20.0s), 15/57 VUs, 909 complete and 0 interrupted iterations
load    [  48% ] 10/10 VUs  4m20.0s/9m00.0s
smoke ✓ [ 100% ] 2 VUs      0m33.8s/2m0s  10/10 iters, 5 per VU
soak    [  43% ] 5 VUs      04m20.0s/10m0s
spike ✓ [ 100% ] 00/40 VUs  3m30s        

running (04m21.0s), 15/57 VUs, 912 complete and 0 interrupted iterations
load    [  48% ] 10/10 VUs  4m21.0s/9m00.0s
smoke ✓ [ 100% ] 2 VUs      0m33.8s/2m0s  10/10 iters, 5 per VU
soak    [  43% ] 5 VUs      04m21.0s/10m0s
spike ✓ [ 100% ] 00/40 VUs  3m30s        

running (04m22.0s), 15/57 VUs, 914 complete and 0 interrupted iterations
load    [  49% ] 10/10 VUs  4m22.0s/9m00.0s
smoke ✓ [ 100% ] 2 VUs      0m33.8s/2m0s  10/10 iters, 5 per VU
soak    [  44% ] 5 VUs      04m22.0s/10m0s
spike ✓ [ 100% ] 00/40 VUs  3m30s        

running (04m23.0s), 15/57 VUs, 917 complete and 0 interrupted iterations
load    [  49% ] 10/10 VUs  4m23.0s/9m00.0s
smoke ✓ [ 100% ] 2 VUs      0m33.8s/2m0s  10/10 iters, 5 per VU
soak    [  44% ] 5 VUs      04m23.0s/10m0s
spike ✓ [ 100% ] 00/40 VUs  3m30s        

running (04m24.0s), 15/57 VUs, 920 complete and 0 interrupted iterations
load    [  49% ] 10/10 VUs  4m24.0s/9m00.0s
smoke ✓ [ 100% ] 2 VUs      0m33.8s/2m0s  10/10 iters, 5 per VU
soak    [  44% ] 5 VUs      04m24.0s/10m0s
spike ✓ [ 100% ] 00/40 VUs  3m30s        

running (04m25.0s), 15/57 VUs, 922 complete and 0 interrupted iterations
load    [  49% ] 10/10 VUs  4m25.0s/9m00.0s
smoke ✓ [ 100% ] 2 VUs      0m33.8s/2m0s  10/10 iters, 5 per VU
soak    [  44% ] 5 VUs      04m25.0s/10m0s
spike ✓ [ 100% ] 00/40 VUs  3m30s        

running (04m26.0s), 15/57 VUs, 924 complete and 0 interrupted iterations
load    [  49% ] 10/10 VUs  4m26.0s/9m00.0s
smoke ✓ [ 100% ] 2 VUs      0m33.8s/2m0s  10/10 iters, 5 per VU
soak    [  44% ] 5 VUs      04m26.0s/10m0s
spike ✓ [ 100% ] 00/40 VUs  3m30s        

running (04m27.0s), 15/57 VUs, 925 complete and 0 interrupted iterations
load    [  49% ] 10/10 VUs  4m27.0s/9m00.0s
smoke ✓ [ 100% ] 2 VUs      0m33.8s/2m0s  10/10 iters, 5 per VU
soak    [  44% ] 5 VUs      04m27.0s/10m0s
spike ✓ [ 100% ] 00/40 VUs  3m30s        

running (04m28.0s), 15/57 VUs, 929 complete and 0 interrupted iterations
load    [  50% ] 10/10 VUs  4m28.0s/9m00.0s
smoke ✓ [ 100% ] 2 VUs      0m33.8s/2m0s  10/10 iters, 5 per VU
soak    [  45% ] 5 VUs      04m28.0s/10m0s
spike ✓ [ 100% ] 00/40 VUs  3m30s        

running (04m29.0s), 15/57 VUs, 930 complete and 0 interrupted iterations
load    [  50% ] 10/10 VUs  4m29.0s/9m00.0s
smoke ✓ [ 100% ] 2 VUs      0m33.8s/2m0s  10/10 iters, 5 per VU
soak    [  45% ] 5 VUs      04m29.0s/10m0s
spike ✓ [ 100% ] 00/40 VUs  3m30s        

running (04m30.0s), 15/57 VUs, 934 complete and 0 interrupted iterations
load    [  50% ] 10/10 VUs  4m30.0s/9m00.0s
smoke ✓ [ 100% ] 2 VUs      0m33.8s/2m0s  10/10 iters, 5 per VU
soak    [  45% ] 5 VUs      04m30.0s/10m0s
spike ✓ [ 100% ] 00/40 VUs  3m30s        

running (04m31.0s), 15/57 VUs, 936 complete and 0 interrupted iterations
load    [  50% ] 10/10 VUs  4m31.0s/9m00.0s
smoke ✓ [ 100% ] 2 VUs      0m33.8s/2m0s  10/10 iters, 5 per VU
soak    [  45% ] 5 VUs      04m31.0s/10m0s
spike ✓ [ 100% ] 00/40 VUs  3m30s        

running (04m32.0s), 15/57 VUs, 938 complete and 0 interrupted iterations
load    [  50% ] 10/10 VUs  4m32.0s/9m00.0s
smoke ✓ [ 100% ] 2 VUs      0m33.8s/2m0s  10/10 iters, 5 per VU
soak    [  45% ] 5 VUs      04m32.0s/10m0s
spike ✓ [ 100% ] 00/40 VUs  3m30s        

running (04m33.0s), 15/57 VUs, 941 complete and 0 interrupted iterations
load    [  51% ] 10/10 VUs  4m33.0s/9m00.0s
smoke ✓ [ 100% ] 2 VUs      0m33.8s/2m0s  10/10 iters, 5 per VU
soak    [  45% ] 5 VUs      04m33.0s/10m0s
spike ✓ [ 100% ] 00/40 VUs  3m30s        

running (04m34.0s), 15/57 VUs, 943 complete and 0 interrupted iterations
load    [  51% ] 10/10 VUs  4m34.0s/9m00.0s
smoke ✓ [ 100% ] 2 VUs      0m33.8s/2m0s  10/10 iters, 5 per VU
soak    [  46% ] 5 VUs      04m34.0s/10m0s
spike ✓ [ 100% ] 00/40 VUs  3m30s        

running (04m35.0s), 15/57 VUs, 945 complete and 0 interrupted iterations
load    [  51% ] 10/10 VUs  4m35.0s/9m00.0s
smoke ✓ [ 100% ] 2 VUs      0m33.8s/2m0s  10/10 iters, 5 per VU
soak    [  46% ] 5 VUs      04m35.0s/10m0s
spike ✓ [ 100% ] 00/40 VUs  3m30s        

running (04m36.0s), 15/57 VUs, 946 complete and 0 interrupted iterations
load    [  51% ] 10/10 VUs  4m36.0s/9m00.0s
smoke ✓ [ 100% ] 2 VUs      0m33.8s/2m0s  10/10 iters, 5 per VU
soak    [  46% ] 5 VUs      04m36.0s/10m0s
spike ✓ [ 100% ] 00/40 VUs  3m30s        

running (04m37.0s), 15/57 VUs, 947 complete and 0 interrupted iterations
load    [  51% ] 10/10 VUs  4m37.0s/9m00.0s
smoke ✓ [ 100% ] 2 VUs      0m33.8s/2m0s  10/10 iters, 5 per VU
soak    [  46% ] 5 VUs      04m37.0s/10m0s
spike ✓ [ 100% ] 00/40 VUs  3m30s        

running (04m38.0s), 15/57 VUs, 949 complete and 0 interrupted iterations
load    [  51% ] 10/10 VUs  4m38.0s/9m00.0s
smoke ✓ [ 100% ] 2 VUs      0m33.8s/2m0s  10/10 iters, 5 per VU
soak    [  46% ] 5 VUs      04m38.0s/10m0s
spike ✓ [ 100% ] 00/40 VUs  3m30s        

running (04m39.0s), 15/57 VUs, 953 complete and 0 interrupted iterations
load    [  52% ] 10/10 VUs  4m39.0s/9m00.0s
smoke ✓ [ 100% ] 2 VUs      0m33.8s/2m0s  10/10 iters, 5 per VU
soak    [  46% ] 5 VUs      04m39.0s/10m0s
spike ✓ [ 100% ] 00/40 VUs  3m30s        

running (04m40.0s), 15/57 VUs, 955 complete and 0 interrupted iterations
load    [  52% ] 10/10 VUs  4m40.0s/9m00.0s
smoke ✓ [ 100% ] 2 VUs      0m33.8s/2m0s  10/10 iters, 5 per VU
soak    [  47% ] 5 VUs      04m40.0s/10m0s
spike ✓ [ 100% ] 00/40 VUs  3m30s        

running (04m41.0s), 15/57 VUs, 958 complete and 0 interrupted iterations
load    [  52% ] 10/10 VUs  4m41.0s/9m00.0s
smoke ✓ [ 100% ] 2 VUs      0m33.8s/2m0s  10/10 iters, 5 per VU
soak    [  47% ] 5 VUs      04m41.0s/10m0s
spike ✓ [ 100% ] 00/40 VUs  3m30s        

running (04m42.0s), 15/57 VUs, 959 complete and 0 interrupted iterations
load    [  52% ] 10/10 VUs  4m42.0s/9m00.0s
smoke ✓ [ 100% ] 2 VUs      0m33.8s/2m0s  10/10 iters, 5 per VU
soak    [  47% ] 5 VUs      04m42.0s/10m0s
spike ✓ [ 100% ] 00/40 VUs  3m30s        

running (04m43.0s), 15/57 VUs, 960 complete and 0 interrupted iterations
load    [  52% ] 10/10 VUs  4m43.0s/9m00.0s
smoke ✓ [ 100% ] 2 VUs      0m33.8s/2m0s  10/10 iters, 5 per VU
soak    [  47% ] 5 VUs      04m43.0s/10m0s
spike ✓ [ 100% ] 00/40 VUs  3m30s        

running (04m44.0s), 15/57 VUs, 962 complete and 0 interrupted iterations
load    [  53% ] 10/10 VUs  4m44.0s/9m00.0s
smoke ✓ [ 100% ] 2 VUs      0m33.8s/2m0s  10/10 iters, 5 per VU
soak    [  47% ] 5 VUs      04m44.0s/10m0s
spike ✓ [ 100% ] 00/40 VUs  3m30s        

running (04m45.0s), 15/57 VUs, 963 complete and 0 interrupted iterations
load    [  53% ] 10/10 VUs  4m45.0s/9m00.0s
smoke ✓ [ 100% ] 2 VUs      0m33.8s/2m0s  10/10 iters, 5 per VU
soak    [  47% ] 5 VUs      04m45.0s/10m0s
spike ✓ [ 100% ] 00/40 VUs  3m30s        

running (04m46.0s), 15/57 VUs, 966 complete and 0 interrupted iterations
load    [  53% ] 10/10 VUs  4m46.0s/9m00.0s
smoke ✓ [ 100% ] 2 VUs      0m33.8s/2m0s  10/10 iters, 5 per VU
soak    [  48% ] 5 VUs      04m46.0s/10m0s
spike ✓ [ 100% ] 00/40 VUs  3m30s        

running (04m47.0s), 15/57 VUs, 972 complete and 0 interrupted iterations
load    [  53% ] 10/10 VUs  4m47.0s/9m00.0s
smoke ✓ [ 100% ] 2 VUs      0m33.8s/2m0s  10/10 iters, 5 per VU
soak    [  48% ] 5 VUs      04m47.0s/10m0s
spike ✓ [ 100% ] 00/40 VUs  3m30s        

running (04m48.0s), 15/57 VUs, 973 complete and 0 interrupted iterations
load    [  53% ] 10/10 VUs  4m48.0s/9m00.0s
smoke ✓ [ 100% ] 2 VUs      0m33.8s/2m0s  10/10 iters, 5 per VU
soak    [  48% ] 5 VUs      04m48.0s/10m0s
spike ✓ [ 100% ] 00/40 VUs  3m30s        

running (04m49.0s), 15/57 VUs, 974 complete and 0 interrupted iterations
load    [  54% ] 10/10 VUs  4m49.0s/9m00.0s
smoke ✓ [ 100% ] 2 VUs      0m33.8s/2m0s  10/10 iters, 5 per VU
soak    [  48% ] 5 VUs      04m49.0s/10m0s
spike ✓ [ 100% ] 00/40 VUs  3m30s        

running (04m50.0s), 15/57 VUs, 977 complete and 0 interrupted iterations
load    [  54% ] 10/10 VUs  4m50.0s/9m00.0s
smoke ✓ [ 100% ] 2 VUs      0m33.8s/2m0s  10/10 iters, 5 per VU
soak    [  48% ] 5 VUs      04m50.0s/10m0s
spike ✓ [ 100% ] 00/40 VUs  3m30s        

running (04m51.0s), 15/57 VUs, 977 complete and 0 interrupted iterations
load    [  54% ] 10/10 VUs  4m51.0s/9m00.0s
smoke ✓ [ 100% ] 2 VUs      0m33.8s/2m0s  10/10 iters, 5 per VU
soak    [  48% ] 5 VUs      04m51.0s/10m0s
spike ✓ [ 100% ] 00/40 VUs  3m30s        

running (04m52.0s), 15/57 VUs, 978 complete and 0 interrupted iterations
load    [  54% ] 10/10 VUs  4m52.0s/9m00.0s
smoke ✓ [ 100% ] 2 VUs      0m33.8s/2m0s  10/10 iters, 5 per VU
soak    [  49% ] 5 VUs      04m52.0s/10m0s
spike ✓ [ 100% ] 00/40 VUs  3m30s        

running (04m53.0s), 15/57 VUs, 983 complete and 0 interrupted iterations
load    [  54% ] 10/10 VUs  4m53.0s/9m00.0s
smoke ✓ [ 100% ] 2 VUs      0m33.8s/2m0s  10/10 iters, 5 per VU
soak    [  49% ] 5 VUs      04m53.0s/10m0s
spike ✓ [ 100% ] 00/40 VUs  3m30s        

running (04m54.0s), 15/57 VUs, 987 complete and 0 interrupted iterations
load    [  54% ] 10/10 VUs  4m54.0s/9m00.0s
smoke ✓ [ 100% ] 2 VUs      0m33.8s/2m0s  10/10 iters, 5 per VU
soak    [  49% ] 5 VUs      04m54.0s/10m0s
spike ✓ [ 100% ] 00/40 VUs  3m30s        

running (04m55.0s), 15/57 VUs, 988 complete and 0 interrupted iterations
load    [  55% ] 10/10 VUs  4m55.0s/9m00.0s
smoke ✓ [ 100% ] 2 VUs      0m33.8s/2m0s  10/10 iters, 5 per VU
soak    [  49% ] 5 VUs      04m55.0s/10m0s
spike ✓ [ 100% ] 00/40 VUs  3m30s        

running (04m56.0s), 15/57 VUs, 988 complete and 0 interrupted iterations
load    [  55% ] 10/10 VUs  4m56.0s/9m00.0s
smoke ✓ [ 100% ] 2 VUs      0m33.8s/2m0s  10/10 iters, 5 per VU
soak    [  49% ] 5 VUs      04m56.0s/10m0s
spike ✓ [ 100% ] 00/40 VUs  3m30s        

running (04m57.0s), 15/57 VUs, 992 complete and 0 interrupted iterations
load    [  55% ] 10/10 VUs  4m57.0s/9m00.0s
smoke ✓ [ 100% ] 2 VUs      0m33.8s/2m0s  10/10 iters, 5 per VU
soak    [  49% ] 5 VUs      04m57.0s/10m0s
spike ✓ [ 100% ] 00/40 VUs  3m30s        

running (04m58.0s), 15/57 VUs, 992 complete and 0 interrupted iterations
load    [  55% ] 10/10 VUs  4m58.0s/9m00.0s
smoke ✓ [ 100% ] 2 VUs      0m33.8s/2m0s  10/10 iters, 5 per VU
soak    [  50% ] 5 VUs      04m58.0s/10m0s
spike ✓ [ 100% ] 00/40 VUs  3m30s        

running (04m59.0s), 15/57 VUs, 997 complete and 0 interrupted iterations
load    [  55% ] 10/10 VUs  4m59.0s/9m00.0s
smoke ✓ [ 100% ] 2 VUs      0m33.8s/2m0s  10/10 iters, 5 per VU
soak    [  50% ] 5 VUs      04m59.0s/10m0s
spike ✓ [ 100% ] 00/40 VUs  3m30s        

running (05m00.0s), 15/57 VUs, 1001 complete and 0 interrupted iterations
load    [  56% ] 10/10 VUs  5m00.0s/9m00.0s
smoke ✓ [ 100% ] 2 VUs      0m33.8s/2m0s  10/10 iters, 5 per VU
soak    [  50% ] 5 VUs      05m00.0s/10m0s
spike ✓ [ 100% ] 00/40 VUs  3m30s        

running (05m01.0s), 15/57 VUs, 1003 complete and 0 interrupted iterations
load    [  56% ] 10/10 VUs  5m01.0s/9m00.0s
smoke ✓ [ 100% ] 2 VUs      0m33.8s/2m0s  10/10 iters, 5 per VU
soak    [  50% ] 5 VUs      05m01.0s/10m0s
spike ✓ [ 100% ] 00/40 VUs  3m30s        

running (05m02.0s), 15/57 VUs, 1003 complete and 0 interrupted iterations
load    [  56% ] 10/10 VUs  5m02.0s/9m00.0s
smoke ✓ [ 100% ] 2 VUs      0m33.8s/2m0s  10/10 iters, 5 per VU
soak    [  50% ] 5 VUs      05m02.0s/10m0s
spike ✓ [ 100% ] 00/40 VUs  3m30s        

running (05m03.0s), 15/57 VUs, 1003 complete and 0 interrupted iterations
load    [  56% ] 10/10 VUs  5m03.0s/9m00.0s
smoke ✓ [ 100% ] 2 VUs      0m33.8s/2m0s  10/10 iters, 5 per VU
soak    [  50% ] 5 VUs      05m03.0s/10m0s
spike ✓ [ 100% ] 00/40 VUs  3m30s        

running (05m04.0s), 15/57 VUs, 1006 complete and 0 interrupted iterations
load    [  56% ] 10/10 VUs  5m04.0s/9m00.0s
smoke ✓ [ 100% ] 2 VUs      0m33.8s/2m0s  10/10 iters, 5 per VU
soak    [  51% ] 5 VUs      05m04.0s/10m0s
spike ✓ [ 100% ] 00/40 VUs  3m30s        

running (05m05.0s), 15/57 VUs, 1010 complete and 0 interrupted iterations
load    [  56% ] 10/10 VUs  5m05.0s/9m00.0s
smoke ✓ [ 100% ] 2 VUs      0m33.8s/2m0s  10/10 iters, 5 per VU
soak    [  51% ] 5 VUs      05m05.0s/10m0s
spike ✓ [ 100% ] 00/40 VUs  3m30s        

running (05m06.0s), 15/57 VUs, 1014 complete and 0 interrupted iterations
load    [  57% ] 10/10 VUs  5m06.0s/9m00.0s
smoke ✓ [ 100% ] 2 VUs      0m33.8s/2m0s  10/10 iters, 5 per VU
soak    [  51% ] 5 VUs      05m06.0s/10m0s
spike ✓ [ 100% ] 00/40 VUs  3m30s        

running (05m07.0s), 15/57 VUs, 1017 complete and 0 interrupted iterations
load    [  57% ] 10/10 VUs  5m07.0s/9m00.0s
smoke ✓ [ 100% ] 2 VUs      0m33.8s/2m0s  10/10 iters, 5 per VU
soak    [  51% ] 5 VUs      05m07.0s/10m0s
spike ✓ [ 100% ] 00/40 VUs  3m30s        

running (05m08.0s), 15/57 VUs, 1017 complete and 0 interrupted iterations
load    [  57% ] 10/10 VUs  5m08.0s/9m00.0s
smoke ✓ [ 100% ] 2 VUs      0m33.8s/2m0s  10/10 iters, 5 per VU
soak    [  51% ] 5 VUs      05m08.0s/10m0s
spike ✓ [ 100% ] 00/40 VUs  3m30s        

running (05m09.0s), 15/57 VUs, 1018 complete and 0 interrupted iterations
load    [  57% ] 10/10 VUs  5m09.0s/9m00.0s
smoke ✓ [ 100% ] 2 VUs      0m33.8s/2m0s  10/10 iters, 5 per VU
soak    [  51% ] 5 VUs      05m09.0s/10m0s
spike ✓ [ 100% ] 00/40 VUs  3m30s        

running (05m10.0s), 15/57 VUs, 1019 complete and 0 interrupted iterations
load    [  57% ] 10/10 VUs  5m10.0s/9m00.0s
smoke ✓ [ 100% ] 2 VUs      0m33.8s/2m0s  10/10 iters, 5 per VU
soak    [  52% ] 5 VUs      05m10.0s/10m0s
spike ✓ [ 100% ] 00/40 VUs  3m30s        

running (05m11.0s), 15/57 VUs, 1023 complete and 0 interrupted iterations
load    [  58% ] 10/10 VUs  5m11.0s/9m00.0s
smoke ✓ [ 100% ] 2 VUs      0m33.8s/2m0s  10/10 iters, 5 per VU
soak    [  52% ] 5 VUs      05m11.0s/10m0s
spike ✓ [ 100% ] 00/40 VUs  3m30s        

running (05m12.0s), 15/57 VUs, 1028 complete and 0 interrupted iterations
load    [  58% ] 10/10 VUs  5m12.0s/9m00.0s
smoke ✓ [ 100% ] 2 VUs      0m33.8s/2m0s  10/10 iters, 5 per VU
soak    [  52% ] 5 VUs      05m12.0s/10m0s
spike ✓ [ 100% ] 00/40 VUs  3m30s        

running (05m13.0s), 15/57 VUs, 1030 complete and 0 interrupted iterations
load    [  58% ] 10/10 VUs  5m13.0s/9m00.0s
smoke ✓ [ 100% ] 2 VUs      0m33.8s/2m0s  10/10 iters, 5 per VU
soak    [  52% ] 5 VUs      05m13.0s/10m0s
spike ✓ [ 100% ] 00/40 VUs  3m30s        

running (05m14.0s), 15/57 VUs, 1032 complete and 0 interrupted iterations
load    [  58% ] 10/10 VUs  5m14.0s/9m00.0s
smoke ✓ [ 100% ] 2 VUs      0m33.8s/2m0s  10/10 iters, 5 per VU
soak    [  52% ] 5 VUs      05m14.0s/10m0s
spike ✓ [ 100% ] 00/40 VUs  3m30s        

running (05m15.0s), 15/57 VUs, 1032 complete and 0 interrupted iterations
load    [  58% ] 10/10 VUs  5m15.0s/9m00.0s
smoke ✓ [ 100% ] 2 VUs      0m33.8s/2m0s  10/10 iters, 5 per VU
soak    [  52% ] 5 VUs      05m15.0s/10m0s
spike ✓ [ 100% ] 00/40 VUs  3m30s        

running (05m16.0s), 15/57 VUs, 1033 complete and 0 interrupted iterations
load    [  59% ] 10/10 VUs  5m16.0s/9m00.0s
smoke ✓ [ 100% ] 2 VUs      0m33.8s/2m0s  10/10 iters, 5 per VU
soak    [  53% ] 5 VUs      05m16.0s/10m0s
spike ✓ [ 100% ] 00/40 VUs  3m30s        

running (05m17.0s), 15/57 VUs, 1038 complete and 0 interrupted iterations
load    [  59% ] 10/10 VUs  5m17.0s/9m00.0s
smoke ✓ [ 100% ] 2 VUs      0m33.8s/2m0s  10/10 iters, 5 per VU
soak    [  53% ] 5 VUs      05m17.0s/10m0s
spike ✓ [ 100% ] 00/40 VUs  3m30s        

running (05m18.0s), 15/57 VUs, 1040 complete and 0 interrupted iterations
load    [  59% ] 10/10 VUs  5m18.0s/9m00.0s
smoke ✓ [ 100% ] 2 VUs      0m33.8s/2m0s  10/10 iters, 5 per VU
soak    [  53% ] 5 VUs      05m18.0s/10m0s
spike ✓ [ 100% ] 00/40 VUs  3m30s        

running (05m19.0s), 15/57 VUs, 1042 complete and 0 interrupted iterations
load    [  59% ] 10/10 VUs  5m19.0s/9m00.0s
smoke ✓ [ 100% ] 2 VUs      0m33.8s/2m0s  10/10 iters, 5 per VU
soak    [  53% ] 5 VUs      05m19.0s/10m0s
spike ✓ [ 100% ] 00/40 VUs  3m30s        

running (05m20.0s), 15/57 VUs, 1044 complete and 0 interrupted iterations
load    [  59% ] 10/10 VUs  5m20.0s/9m00.0s
smoke ✓ [ 100% ] 2 VUs      0m33.8s/2m0s  10/10 iters, 5 per VU
soak    [  53% ] 5 VUs      05m20.0s/10m0s
spike ✓ [ 100% ] 00/40 VUs  3m30s        

running (05m21.0s), 15/57 VUs, 1046 complete and 0 interrupted iterations
load    [  59% ] 10/10 VUs  5m21.0s/9m00.0s
smoke ✓ [ 100% ] 2 VUs      0m33.8s/2m0s  10/10 iters, 5 per VU
soak    [  53% ] 5 VUs      05m21.0s/10m0s
spike ✓ [ 100% ] 00/40 VUs  3m30s        

running (05m22.0s), 15/57 VUs, 1048 complete and 0 interrupted iterations
load    [  60% ] 10/10 VUs  5m22.0s/9m00.0s
smoke ✓ [ 100% ] 2 VUs      0m33.8s/2m0s  10/10 iters, 5 per VU
soak    [  54% ] 5 VUs      05m22.0s/10m0s
spike ✓ [ 100% ] 00/40 VUs  3m30s        

running (05m23.0s), 15/57 VUs, 1050 complete and 0 interrupted iterations
load    [  60% ] 10/10 VUs  5m23.0s/9m00.0s
smoke ✓ [ 100% ] 2 VUs      0m33.8s/2m0s  10/10 iters, 5 per VU
soak    [  54% ] 5 VUs      05m23.0s/10m0s
spike ✓ [ 100% ] 00/40 VUs  3m30s        

running (05m24.0s), 15/57 VUs, 1052 complete and 0 interrupted iterations
load    [  60% ] 10/10 VUs  5m24.0s/9m00.0s
smoke ✓ [ 100% ] 2 VUs      0m33.8s/2m0s  10/10 iters, 5 per VU
soak    [  54% ] 5 VUs      05m24.0s/10m0s
spike ✓ [ 100% ] 00/40 VUs  3m30s        

running (05m25.0s), 15/57 VUs, 1055 complete and 0 interrupted iterations
load    [  60% ] 10/10 VUs  5m25.0s/9m00.0s
smoke ✓ [ 100% ] 2 VUs      0m33.8s/2m0s  10/10 iters, 5 per VU
soak    [  54% ] 5 VUs      05m25.0s/10m0s
spike ✓ [ 100% ] 00/40 VUs  3m30s        

running (05m26.0s), 15/57 VUs, 1058 complete and 0 interrupted iterations
load    [  60% ] 10/10 VUs  5m26.0s/9m00.0s
smoke ✓ [ 100% ] 2 VUs      0m33.8s/2m0s  10/10 iters, 5 per VU
soak    [  54% ] 5 VUs      05m26.0s/10m0s
spike ✓ [ 100% ] 00/40 VUs  3m30s        

running (05m27.0s), 15/57 VUs, 1062 complete and 0 interrupted iterations
load    [  61% ] 10/10 VUs  5m27.0s/9m00.0s
smoke ✓ [ 100% ] 2 VUs      0m33.8s/2m0s  10/10 iters, 5 per VU
soak    [  54% ] 5 VUs      05m27.0s/10m0s
spike ✓ [ 100% ] 00/40 VUs  3m30s        

running (05m28.0s), 15/57 VUs, 1062 complete and 0 interrupted iterations
load    [  61% ] 10/10 VUs  5m28.0s/9m00.0s
smoke ✓ [ 100% ] 2 VUs      0m33.8s/2m0s  10/10 iters, 5 per VU
soak    [  55% ] 5 VUs      05m28.0s/10m0s
spike ✓ [ 100% ] 00/40 VUs  3m30s        

running (05m29.0s), 15/57 VUs, 1064 complete and 0 interrupted iterations
load    [  61% ] 10/10 VUs  5m29.0s/9m00.0s
smoke ✓ [ 100% ] 2 VUs      0m33.8s/2m0s  10/10 iters, 5 per VU
soak    [  55% ] 5 VUs      05m29.0s/10m0s
spike ✓ [ 100% ] 00/40 VUs  3m30s        

running (05m30.0s), 15/57 VUs, 1065 complete and 0 interrupted iterations
load    [  61% ] 10/10 VUs  5m30.0s/9m00.0s
smoke ✓ [ 100% ] 2 VUs      0m33.8s/2m0s  10/10 iters, 5 per VU
soak    [  55% ] 5 VUs      05m30.0s/10m0s
spike ✓ [ 100% ] 00/40 VUs  3m30s        

running (05m31.0s), 15/57 VUs, 1066 complete and 0 interrupted iterations
load    [  61% ] 10/10 VUs  5m31.0s/9m00.0s
smoke ✓ [ 100% ] 2 VUs      0m33.8s/2m0s  10/10 iters, 5 per VU
soak    [  55% ] 5 VUs      05m31.0s/10m0s
spike ✓ [ 100% ] 00/40 VUs  3m30s        

running (05m32.0s), 15/57 VUs, 1072 complete and 0 interrupted iterations
load    [  61% ] 10/10 VUs  5m32.0s/9m00.0s
smoke ✓ [ 100% ] 2 VUs      0m33.8s/2m0s  10/10 iters, 5 per VU
soak    [  55% ] 5 VUs      05m32.0s/10m0s
spike ✓ [ 100% ] 00/40 VUs  3m30s        

running (05m33.0s), 15/57 VUs, 1075 complete and 0 interrupted iterations
load    [  62% ] 10/10 VUs  5m33.0s/9m00.0s
smoke ✓ [ 100% ] 2 VUs      0m33.8s/2m0s  10/10 iters, 5 per VU
soak    [  55% ] 5 VUs      05m33.0s/10m0s
spike ✓ [ 100% ] 00/40 VUs  3m30s        

running (05m34.0s), 15/57 VUs, 1076 complete and 0 interrupted iterations
load    [  62% ] 10/10 VUs  5m34.0s/9m00.0s
smoke ✓ [ 100% ] 2 VUs      0m33.8s/2m0s  10/10 iters, 5 per VU
soak    [  56% ] 5 VUs      05m34.0s/10m0s
spike ✓ [ 100% ] 00/40 VUs  3m30s        

running (05m35.0s), 15/57 VUs, 1077 complete and 0 interrupted iterations
load    [  62% ] 10/10 VUs  5m35.0s/9m00.0s
smoke ✓ [ 100% ] 2 VUs      0m33.8s/2m0s  10/10 iters, 5 per VU
soak    [  56% ] 5 VUs      05m35.0s/10m0s
spike ✓ [ 100% ] 00/40 VUs  3m30s        

running (05m36.0s), 15/57 VUs, 1077 complete and 0 interrupted iterations
load    [  62% ] 10/10 VUs  5m36.0s/9m00.0s
smoke ✓ [ 100% ] 2 VUs      0m33.8s/2m0s  10/10 iters, 5 per VU
soak    [  56% ] 5 VUs      05m36.0s/10m0s
spike ✓ [ 100% ] 00/40 VUs  3m30s        

running (05m37.0s), 15/57 VUs, 1080 complete and 0 interrupted iterations
load    [  62% ] 10/10 VUs  5m37.0s/9m00.0s
smoke ✓ [ 100% ] 2 VUs      0m33.8s/2m0s  10/10 iters, 5 per VU
soak    [  56% ] 5 VUs      05m37.0s/10m0s
spike ✓ [ 100% ] 00/40 VUs  3m30s        

running (05m38.0s), 15/57 VUs, 1086 complete and 0 interrupted iterations
load    [  63% ] 10/10 VUs  5m38.0s/9m00.0s
smoke ✓ [ 100% ] 2 VUs      0m33.8s/2m0s  10/10 iters, 5 per VU
soak    [  56% ] 5 VUs      05m38.0s/10m0s
spike ✓ [ 100% ] 00/40 VUs  3m30s        

running (05m39.0s), 15/57 VUs, 1089 complete and 0 interrupted iterations
load    [  63% ] 10/10 VUs  5m39.0s/9m00.0s
smoke ✓ [ 100% ] 2 VUs      0m33.8s/2m0s  10/10 iters, 5 per VU
soak    [  56% ] 5 VUs      05m39.0s/10m0s
spike ✓ [ 100% ] 00/40 VUs  3m30s        

running (05m40.0s), 15/57 VUs, 1089 complete and 0 interrupted iterations
load    [  63% ] 10/10 VUs  5m40.0s/9m00.0s
smoke ✓ [ 100% ] 2 VUs      0m33.8s/2m0s  10/10 iters, 5 per VU
soak    [  57% ] 5 VUs      05m40.0s/10m0s
spike ✓ [ 100% ] 00/40 VUs  3m30s        

running (05m41.0s), 15/57 VUs, 1091 complete and 0 interrupted iterations
load    [  63% ] 10/10 VUs  5m41.0s/9m00.0s
smoke ✓ [ 100% ] 2 VUs      0m33.8s/2m0s  10/10 iters, 5 per VU
soak    [  57% ] 5 VUs      05m41.0s/10m0s
spike ✓ [ 100% ] 00/40 VUs  3m30s        

running (05m42.0s), 15/57 VUs, 1092 complete and 0 interrupted iterations
load    [  63% ] 10/10 VUs  5m42.0s/9m00.0s
smoke ✓ [ 100% ] 2 VUs      0m33.8s/2m0s  10/10 iters, 5 per VU
soak    [  57% ] 5 VUs      05m42.0s/10m0s
spike ✓ [ 100% ] 00/40 VUs  3m30s        

running (05m43.0s), 15/57 VUs, 1093 complete and 0 interrupted iterations
load    [  64% ] 10/10 VUs  5m43.0s/9m00.0s
smoke ✓ [ 100% ] 2 VUs      0m33.8s/2m0s  10/10 iters, 5 per VU
soak    [  57% ] 5 VUs      05m43.0s/10m0s
spike ✓ [ 100% ] 00/40 VUs  3m30s        

running (05m44.0s), 15/57 VUs, 1097 complete and 0 interrupted iterations
load    [  64% ] 10/10 VUs  5m44.0s/9m00.0s
smoke ✓ [ 100% ] 2 VUs      0m33.8s/2m0s  10/10 iters, 5 per VU
soak    [  57% ] 5 VUs      05m44.0s/10m0s
spike ✓ [ 100% ] 00/40 VUs  3m30s        

running (05m45.0s), 15/57 VUs, 1102 complete and 0 interrupted iterations
load    [  64% ] 10/10 VUs  5m45.0s/9m00.0s
smoke ✓ [ 100% ] 2 VUs      0m33.8s/2m0s  10/10 iters, 5 per VU
soak    [  57% ] 5 VUs      05m45.0s/10m0s
spike ✓ [ 100% ] 00/40 VUs  3m30s        

running (05m46.0s), 15/57 VUs, 1104 complete and 0 interrupted iterations
load    [  64% ] 10/10 VUs  5m46.0s/9m00.0s
smoke ✓ [ 100% ] 2 VUs      0m33.8s/2m0s  10/10 iters, 5 per VU
soak    [  58% ] 5 VUs      05m46.0s/10m0s
spike ✓ [ 100% ] 00/40 VUs  3m30s        

running (05m47.0s), 15/57 VUs, 1104 complete and 0 interrupted iterations
load    [  64% ] 10/10 VUs  5m47.0s/9m00.0s
smoke ✓ [ 100% ] 2 VUs      0m33.8s/2m0s  10/10 iters, 5 per VU
soak    [  58% ] 5 VUs      05m47.0s/10m0s
spike ✓ [ 100% ] 00/40 VUs  3m30s        

running (05m48.0s), 15/57 VUs, 1107 complete and 0 interrupted iterations
load    [  64% ] 10/10 VUs  5m48.0s/9m00.0s
smoke ✓ [ 100% ] 2 VUs      0m33.8s/2m0s  10/10 iters, 5 per VU
soak    [  58% ] 5 VUs      05m48.0s/10m0s
spike ✓ [ 100% ] 00/40 VUs  3m30s        

running (05m49.0s), 15/57 VUs, 1107 complete and 0 interrupted iterations
load    [  65% ] 10/10 VUs  5m49.0s/9m00.0s
smoke ✓ [ 100% ] 2 VUs      0m33.8s/2m0s  10/10 iters, 5 per VU
soak    [  58% ] 5 VUs      05m49.0s/10m0s
spike ✓ [ 100% ] 00/40 VUs  3m30s        

running (05m50.0s), 15/57 VUs, 1108 complete and 0 interrupted iterations
load    [  65% ] 10/10 VUs  5m50.0s/9m00.0s
smoke ✓ [ 100% ] 2 VUs      0m33.8s/2m0s  10/10 iters, 5 per VU
soak    [  58% ] 5 VUs      05m50.0s/10m0s
spike ✓ [ 100% ] 00/40 VUs  3m30s        

running (05m51.0s), 15/57 VUs, 1112 complete and 0 interrupted iterations
load    [  65% ] 10/10 VUs  5m51.0s/9m00.0s
smoke ✓ [ 100% ] 2 VUs      0m33.8s/2m0s  10/10 iters, 5 per VU
soak    [  58% ] 5 VUs      05m51.0s/10m0s
spike ✓ [ 100% ] 00/40 VUs  3m30s        

running (05m52.0s), 15/57 VUs, 1117 complete and 0 interrupted iterations
load    [  65% ] 10/10 VUs  5m52.0s/9m00.0s
smoke ✓ [ 100% ] 2 VUs      0m33.8s/2m0s  10/10 iters, 5 per VU
soak    [  59% ] 5 VUs      05m52.0s/10m0s
spike ✓ [ 100% ] 00/40 VUs  3m30s        

running (05m53.0s), 15/57 VUs, 1119 complete and 0 interrupted iterations
load    [  65% ] 10/10 VUs  5m53.0s/9m00.0s
smoke ✓ [ 100% ] 2 VUs      0m33.8s/2m0s  10/10 iters, 5 per VU
soak    [  59% ] 5 VUs      05m53.0s/10m0s
spike ✓ [ 100% ] 00/40 VUs  3m30s        

running (05m54.0s), 15/57 VUs, 1121 complete and 0 interrupted iterations
load    [  66% ] 10/10 VUs  5m54.0s/9m00.0s
smoke ✓ [ 100% ] 2 VUs      0m33.8s/2m0s  10/10 iters, 5 per VU
soak    [  59% ] 5 VUs      05m54.0s/10m0s
spike ✓ [ 100% ] 00/40 VUs  3m30s        

running (05m55.0s), 15/57 VUs, 1123 complete and 0 interrupted iterations
load    [  66% ] 10/10 VUs  5m55.0s/9m00.0s
smoke ✓ [ 100% ] 2 VUs      0m33.8s/2m0s  10/10 iters, 5 per VU
soak    [  59% ] 5 VUs      05m55.0s/10m0s
spike ✓ [ 100% ] 00/40 VUs  3m30s        

running (05m56.0s), 15/57 VUs, 1124 complete and 0 interrupted iterations
load    [  66% ] 10/10 VUs  5m56.0s/9m00.0s
smoke ✓ [ 100% ] 2 VUs      0m33.8s/2m0s  10/10 iters, 5 per VU
soak    [  59% ] 5 VUs      05m56.0s/10m0s
spike ✓ [ 100% ] 00/40 VUs  3m30s        

running (05m57.0s), 15/57 VUs, 1125 complete and 0 interrupted iterations
load    [  66% ] 10/10 VUs  5m57.0s/9m00.0s
smoke ✓ [ 100% ] 2 VUs      0m33.8s/2m0s  10/10 iters, 5 per VU
soak    [  59% ] 5 VUs      05m57.0s/10m0s
spike ✓ [ 100% ] 00/40 VUs  3m30s        

running (05m58.0s), 15/57 VUs, 1125 complete and 0 interrupted iterations
load    [  66% ] 10/10 VUs  5m58.0s/9m00.0s
smoke ✓ [ 100% ] 2 VUs      0m33.8s/2m0s  10/10 iters, 5 per VU
soak    [  60% ] 5 VUs      05m58.0s/10m0s
spike ✓ [ 100% ] 00/40 VUs  3m30s        

running (05m59.0s), 15/57 VUs, 1131 complete and 0 interrupted iterations
load    [  66% ] 10/10 VUs  5m59.0s/9m00.0s
smoke ✓ [ 100% ] 2 VUs      0m33.8s/2m0s  10/10 iters, 5 per VU
soak    [  60% ] 5 VUs      05m59.0s/10m0s
spike ✓ [ 100% ] 00/40 VUs  3m30s        

running (06m00.0s), 15/57 VUs, 1134 complete and 0 interrupted iterations
load    [  67% ] 10/10 VUs  6m00.0s/9m00.0s
smoke ✓ [ 100% ] 2 VUs      0m33.8s/2m0s  10/10 iters, 5 per VU
soak    [  60% ] 5 VUs      06m00.0s/10m0s
spike ✓ [ 100% ] 00/40 VUs  3m30s        

running (06m01.0s), 15/57 VUs, 1137 complete and 0 interrupted iterations
load    [  67% ] 10/10 VUs  6m01.0s/9m00.0s
smoke ✓ [ 100% ] 2 VUs      0m33.8s/2m0s  10/10 iters, 5 per VU
soak    [  60% ] 5 VUs      06m01.0s/10m0s
spike ✓ [ 100% ] 00/40 VUs  3m30s        

running (06m02.0s), 15/57 VUs, 1138 complete and 0 interrupted iterations
load    [  67% ] 10/10 VUs  6m02.0s/9m00.0s
smoke ✓ [ 100% ] 2 VUs      0m33.8s/2m0s  10/10 iters, 5 per VU
soak    [  60% ] 5 VUs      06m02.0s/10m0s
spike ✓ [ 100% ] 00/40 VUs  3m30s        

running (06m03.0s), 15/57 VUs, 1139 complete and 0 interrupted iterations
load    [  67% ] 10/10 VUs  6m03.0s/9m00.0s
smoke ✓ [ 100% ] 2 VUs      0m33.8s/2m0s  10/10 iters, 5 per VU
soak    [  60% ] 5 VUs      06m03.0s/10m0s
spike ✓ [ 100% ] 00/40 VUs  3m30s        

running (06m04.0s), 15/57 VUs, 1140 complete and 0 interrupted iterations
load    [  67% ] 10/10 VUs  6m04.0s/9m00.0s
smoke ✓ [ 100% ] 2 VUs      0m33.8s/2m0s  10/10 iters, 5 per VU
soak    [  61% ] 5 VUs      06m04.0s/10m0s
spike ✓ [ 100% ] 00/40 VUs  3m30s        

running (06m05.0s), 15/57 VUs, 1142 complete and 0 interrupted iterations
load    [  68% ] 10/10 VUs  6m05.0s/9m00.0s
smoke ✓ [ 100% ] 2 VUs      0m33.8s/2m0s  10/10 iters, 5 per VU
soak    [  61% ] 5 VUs      06m05.0s/10m0s
spike ✓ [ 100% ] 00/40 VUs  3m30s        

running (06m06.0s), 15/57 VUs, 1147 complete and 0 interrupted iterations
load    [  68% ] 10/10 VUs  6m06.0s/9m00.0s
smoke ✓ [ 100% ] 2 VUs      0m33.8s/2m0s  10/10 iters, 5 per VU
soak    [  61% ] 5 VUs      06m06.0s/10m0s
spike ✓ [ 100% ] 00/40 VUs  3m30s        

running (06m07.0s), 15/57 VUs, 1149 complete and 0 interrupted iterations
load    [  68% ] 10/10 VUs  6m07.0s/9m00.0s
smoke ✓ [ 100% ] 2 VUs      0m33.8s/2m0s  10/10 iters, 5 per VU
soak    [  61% ] 5 VUs      06m07.0s/10m0s
spike ✓ [ 100% ] 00/40 VUs  3m30s        

running (06m08.0s), 15/57 VUs, 1151 complete and 0 interrupted iterations
load    [  68% ] 10/10 VUs  6m08.0s/9m00.0s
smoke ✓ [ 100% ] 2 VUs      0m33.8s/2m0s  10/10 iters, 5 per VU
soak    [  61% ] 5 VUs      06m08.0s/10m0s
spike ✓ [ 100% ] 00/40 VUs  3m30s        

running (06m09.0s), 15/57 VUs, 1153 complete and 0 interrupted iterations
load    [  68% ] 10/10 VUs  6m09.0s/9m00.0s
smoke ✓ [ 100% ] 2 VUs      0m33.8s/2m0s  10/10 iters, 5 per VU
soak    [  61% ] 5 VUs      06m09.0s/10m0s
spike ✓ [ 100% ] 00/40 VUs  3m30s        

running (06m10.0s), 15/57 VUs, 1154 complete and 0 interrupted iterations
load    [  69% ] 10/10 VUs  6m10.0s/9m00.0s
smoke ✓ [ 100% ] 2 VUs      0m33.8s/2m0s  10/10 iters, 5 per VU
soak    [  62% ] 5 VUs      06m10.0s/10m0s
spike ✓ [ 100% ] 00/40 VUs  3m30s        

running (06m11.0s), 15/57 VUs, 1154 complete and 0 interrupted iterations
load    [  69% ] 10/10 VUs  6m11.0s/9m00.0s
smoke ✓ [ 100% ] 2 VUs      0m33.8s/2m0s  10/10 iters, 5 per VU
soak    [  62% ] 5 VUs      06m11.0s/10m0s
spike ✓ [ 100% ] 00/40 VUs  3m30s        

running (06m12.0s), 15/57 VUs, 1157 complete and 0 interrupted iterations
load    [  69% ] 10/10 VUs  6m12.0s/9m00.0s
smoke ✓ [ 100% ] 2 VUs      0m33.8s/2m0s  10/10 iters, 5 per VU
soak    [  62% ] 5 VUs      06m12.0s/10m0s
spike ✓ [ 100% ] 00/40 VUs  3m30s        

running (06m13.0s), 15/57 VUs, 1161 complete and 0 interrupted iterations
load    [  69% ] 10/10 VUs  6m13.0s/9m00.0s
smoke ✓ [ 100% ] 2 VUs      0m33.8s/2m0s  10/10 iters, 5 per VU
soak    [  62% ] 5 VUs      06m13.0s/10m0s
spike ✓ [ 100% ] 00/40 VUs  3m30s        

running (06m14.0s), 15/57 VUs, 1165 complete and 0 interrupted iterations
load    [  69% ] 10/10 VUs  6m14.0s/9m00.0s
smoke ✓ [ 100% ] 2 VUs      0m33.8s/2m0s  10/10 iters, 5 per VU
soak    [  62% ] 5 VUs      06m14.0s/10m0s
spike ✓ [ 100% ] 00/40 VUs  3m30s        

running (06m15.0s), 15/57 VUs, 1167 complete and 0 interrupted iterations
load    [  69% ] 10/10 VUs  6m15.0s/9m00.0s
smoke ✓ [ 100% ] 2 VUs      0m33.8s/2m0s  10/10 iters, 5 per VU
soak    [  62% ] 5 VUs      06m15.0s/10m0s
spike ✓ [ 100% ] 00/40 VUs  3m30s        

running (06m16.0s), 15/57 VUs, 1168 complete and 0 interrupted iterations
load    [  70% ] 10/10 VUs  6m16.0s/9m00.0s
smoke ✓ [ 100% ] 2 VUs      0m33.8s/2m0s  10/10 iters, 5 per VU
soak    [  63% ] 5 VUs      06m16.0s/10m0s
spike ✓ [ 100% ] 00/40 VUs  3m30s        

running (06m17.0s), 15/57 VUs, 1168 complete and 0 interrupted iterations
load    [  70% ] 10/10 VUs  6m17.0s/9m00.0s
smoke ✓ [ 100% ] 2 VUs      0m33.8s/2m0s  10/10 iters, 5 per VU
soak    [  63% ] 5 VUs      06m17.0s/10m0s
spike ✓ [ 100% ] 00/40 VUs  3m30s        

running (06m18.0s), 15/57 VUs, 1170 complete and 0 interrupted iterations
load    [  70% ] 10/10 VUs  6m18.0s/9m00.0s
smoke ✓ [ 100% ] 2 VUs      0m33.8s/2m0s  10/10 iters, 5 per VU
soak    [  63% ] 5 VUs      06m18.0s/10m0s
spike ✓ [ 100% ] 00/40 VUs  3m30s        

running (06m19.0s), 15/57 VUs, 1174 complete and 0 interrupted iterations
load    [  70% ] 10/10 VUs  6m19.0s/9m00.0s
smoke ✓ [ 100% ] 2 VUs      0m33.8s/2m0s  10/10 iters, 5 per VU
soak    [  63% ] 5 VUs      06m19.0s/10m0s
spike ✓ [ 100% ] 00/40 VUs  3m30s        

running (06m20.0s), 15/57 VUs, 1176 complete and 0 interrupted iterations
load    [  70% ] 10/10 VUs  6m20.0s/9m00.0s
smoke ✓ [ 100% ] 2 VUs      0m33.8s/2m0s  10/10 iters, 5 per VU
soak    [  63% ] 5 VUs      06m20.0s/10m0s
spike ✓ [ 100% ] 00/40 VUs  3m30s        

running (06m21.0s), 15/57 VUs, 1179 complete and 0 interrupted iterations
load    [  71% ] 10/10 VUs  6m21.0s/9m00.0s
smoke ✓ [ 100% ] 2 VUs      0m33.8s/2m0s  10/10 iters, 5 per VU
soak    [  63% ] 5 VUs      06m21.0s/10m0s
spike ✓ [ 100% ] 00/40 VUs  3m30s        

running (06m22.0s), 15/57 VUs, 1182 complete and 0 interrupted iterations
load    [  71% ] 10/10 VUs  6m22.0s/9m00.0s
smoke ✓ [ 100% ] 2 VUs      0m33.8s/2m0s  10/10 iters, 5 per VU
soak    [  64% ] 5 VUs      06m22.0s/10m0s
spike ✓ [ 100% ] 00/40 VUs  3m30s        

running (06m23.0s), 15/57 VUs, 1182 complete and 0 interrupted iterations
load    [  71% ] 10/10 VUs  6m23.0s/9m00.0s
smoke ✓ [ 100% ] 2 VUs      0m33.8s/2m0s  10/10 iters, 5 per VU
soak    [  64% ] 5 VUs      06m23.0s/10m0s
spike ✓ [ 100% ] 00/40 VUs  3m30s        

running (06m24.0s), 15/57 VUs, 1183 complete and 0 interrupted iterations
load    [  71% ] 10/10 VUs  6m24.0s/9m00.0s
smoke ✓ [ 100% ] 2 VUs      0m33.8s/2m0s  10/10 iters, 5 per VU
soak    [  64% ] 5 VUs      06m24.0s/10m0s
spike ✓ [ 100% ] 00/40 VUs  3m30s        

running (06m25.0s), 15/57 VUs, 1186 complete and 0 interrupted iterations
load    [  71% ] 10/10 VUs  6m25.0s/9m00.0s
smoke ✓ [ 100% ] 2 VUs      0m33.8s/2m0s  10/10 iters, 5 per VU
soak    [  64% ] 5 VUs      06m25.0s/10m0s
spike ✓ [ 100% ] 00/40 VUs  3m30s        

running (06m26.0s), 15/57 VUs, 1192 complete and 0 interrupted iterations
load    [  71% ] 10/10 VUs  6m26.0s/9m00.0s
smoke ✓ [ 100% ] 2 VUs      0m33.8s/2m0s  10/10 iters, 5 per VU
soak    [  64% ] 5 VUs      06m26.0s/10m0s
spike ✓ [ 100% ] 00/40 VUs  3m30s        

running (06m27.0s), 15/57 VUs, 1193 complete and 0 interrupted iterations
load    [  72% ] 10/10 VUs  6m27.0s/9m00.0s
smoke ✓ [ 100% ] 2 VUs      0m33.8s/2m0s  10/10 iters, 5 per VU
soak    [  64% ] 5 VUs      06m27.0s/10m0s
spike ✓ [ 100% ] 00/40 VUs  3m30s        

running (06m28.0s), 15/57 VUs, 1196 complete and 0 interrupted iterations
load    [  72% ] 10/10 VUs  6m28.0s/9m00.0s
smoke ✓ [ 100% ] 2 VUs      0m33.8s/2m0s  10/10 iters, 5 per VU
soak    [  65% ] 5 VUs      06m28.0s/10m0s
spike ✓ [ 100% ] 00/40 VUs  3m30s        

running (06m29.0s), 15/57 VUs, 1197 complete and 0 interrupted iterations
load    [  72% ] 10/10 VUs  6m29.0s/9m00.0s
smoke ✓ [ 100% ] 2 VUs      0m33.8s/2m0s  10/10 iters, 5 per VU
soak    [  65% ] 5 VUs      06m29.0s/10m0s
spike ✓ [ 100% ] 00/40 VUs  3m30s        

running (06m30.0s), 15/57 VUs, 1198 complete and 0 interrupted iterations
load    [  72% ] 10/10 VUs  6m30.0s/9m00.0s
smoke ✓ [ 100% ] 2 VUs      0m33.8s/2m0s  10/10 iters, 5 per VU
soak    [  65% ] 5 VUs      06m30.0s/10m0s
spike ✓ [ 100% ] 00/40 VUs  3m30s        

running (06m31.0s), 15/57 VUs, 1201 complete and 0 interrupted iterations
load    [  72% ] 10/10 VUs  6m31.0s/9m00.0s
smoke ✓ [ 100% ] 2 VUs      0m33.8s/2m0s  10/10 iters, 5 per VU
soak    [  65% ] 5 VUs      06m31.0s/10m0s
spike ✓ [ 100% ] 00/40 VUs  3m30s        

running (06m32.0s), 15/57 VUs, 1203 complete and 0 interrupted iterations
load    [  73% ] 10/10 VUs  6m32.0s/9m00.0s
smoke ✓ [ 100% ] 2 VUs      0m33.8s/2m0s  10/10 iters, 5 per VU
soak    [  65% ] 5 VUs      06m32.0s/10m0s
spike ✓ [ 100% ] 00/40 VUs  3m30s        

running (06m33.0s), 15/57 VUs, 1207 complete and 0 interrupted iterations
load    [  73% ] 10/10 VUs  6m33.0s/9m00.0s
smoke ✓ [ 100% ] 2 VUs      0m33.8s/2m0s  10/10 iters, 5 per VU
soak    [  65% ] 5 VUs      06m33.0s/10m0s
spike ✓ [ 100% ] 00/40 VUs  3m30s        

running (06m34.0s), 15/57 VUs, 1209 complete and 0 interrupted iterations
load    [  73% ] 10/10 VUs  6m34.0s/9m00.0s
smoke ✓ [ 100% ] 2 VUs      0m33.8s/2m0s  10/10 iters, 5 per VU
soak    [  66% ] 5 VUs      06m34.0s/10m0s
spike ✓ [ 100% ] 00/40 VUs  3m30s        

running (06m35.0s), 15/57 VUs, 1210 complete and 0 interrupted iterations
load    [  73% ] 10/10 VUs  6m35.0s/9m00.0s
smoke ✓ [ 100% ] 2 VUs      0m33.8s/2m0s  10/10 iters, 5 per VU
soak    [  66% ] 5 VUs      06m35.0s/10m0s
spike ✓ [ 100% ] 00/40 VUs  3m30s        

running (06m36.0s), 15/57 VUs, 1212 complete and 0 interrupted iterations
load    [  73% ] 10/10 VUs  6m36.0s/9m00.0s
smoke ✓ [ 100% ] 2 VUs      0m33.8s/2m0s  10/10 iters, 5 per VU
soak    [  66% ] 5 VUs      06m36.0s/10m0s
spike ✓ [ 100% ] 00/40 VUs  3m30s        

running (06m37.0s), 15/57 VUs, 1213 complete and 0 interrupted iterations
load    [  74% ] 10/10 VUs  6m37.0s/9m00.0s
smoke ✓ [ 100% ] 2 VUs      0m33.8s/2m0s  10/10 iters, 5 per VU
soak    [  66% ] 5 VUs      06m37.0s/10m0s
spike ✓ [ 100% ] 00/40 VUs  3m30s        

running (06m38.0s), 15/57 VUs, 1215 complete and 0 interrupted iterations
load    [  74% ] 10/10 VUs  6m38.0s/9m00.0s
smoke ✓ [ 100% ] 2 VUs      0m33.8s/2m0s  10/10 iters, 5 per VU
soak    [  66% ] 5 VUs      06m38.0s/10m0s
spike ✓ [ 100% ] 00/40 VUs  3m30s        

running (06m39.0s), 15/57 VUs, 1219 complete and 0 interrupted iterations
load    [  74% ] 10/10 VUs  6m39.0s/9m00.0s
smoke ✓ [ 100% ] 2 VUs      0m33.8s/2m0s  10/10 iters, 5 per VU
soak    [  66% ] 5 VUs      06m39.0s/10m0s
spike ✓ [ 100% ] 00/40 VUs  3m30s        

running (06m40.0s), 15/57 VUs, 1222 complete and 0 interrupted iterations
load    [  74% ] 10/10 VUs  6m40.0s/9m00.0s
smoke ✓ [ 100% ] 2 VUs      0m33.8s/2m0s  10/10 iters, 5 per VU
soak    [  67% ] 5 VUs      06m40.0s/10m0s
spike ✓ [ 100% ] 00/40 VUs  3m30s        

running (06m41.0s), 15/57 VUs, 1225 complete and 0 interrupted iterations
load    [  74% ] 10/10 VUs  6m41.0s/9m00.0s
smoke ✓ [ 100% ] 2 VUs      0m33.8s/2m0s  10/10 iters, 5 per VU
soak    [  67% ] 5 VUs      06m41.0s/10m0s
spike ✓ [ 100% ] 00/40 VUs  3m30s        

running (06m42.0s), 15/57 VUs, 1226 complete and 0 interrupted iterations
load    [  74% ] 10/10 VUs  6m42.0s/9m00.0s
smoke ✓ [ 100% ] 2 VUs      0m33.8s/2m0s  10/10 iters, 5 per VU
soak    [  67% ] 5 VUs      06m42.0s/10m0s
spike ✓ [ 100% ] 00/40 VUs  3m30s        

running (06m43.0s), 15/57 VUs, 1227 complete and 0 interrupted iterations
load    [  75% ] 10/10 VUs  6m43.0s/9m00.0s
smoke ✓ [ 100% ] 2 VUs      0m33.8s/2m0s  10/10 iters, 5 per VU
soak    [  67% ] 5 VUs      06m43.0s/10m0s
spike ✓ [ 100% ] 00/40 VUs  3m30s        

running (06m44.0s), 15/57 VUs, 1228 complete and 0 interrupted iterations
load    [  75% ] 10/10 VUs  6m44.0s/9m00.0s
smoke ✓ [ 100% ] 2 VUs      0m33.8s/2m0s  10/10 iters, 5 per VU
soak    [  67% ] 5 VUs      06m44.0s/10m0s
spike ✓ [ 100% ] 00/40 VUs  3m30s        

running (06m45.0s), 15/57 VUs, 1231 complete and 0 interrupted iterations
load    [  75% ] 10/10 VUs  6m45.0s/9m00.0s
smoke ✓ [ 100% ] 2 VUs      0m33.8s/2m0s  10/10 iters, 5 per VU
soak    [  67% ] 5 VUs      06m45.0s/10m0s
spike ✓ [ 100% ] 00/40 VUs  3m30s        

running (06m46.0s), 15/57 VUs, 1234 complete and 0 interrupted iterations
load    [  75% ] 10/10 VUs  6m46.0s/9m00.0s
smoke ✓ [ 100% ] 2 VUs      0m33.8s/2m0s  10/10 iters, 5 per VU
soak    [  68% ] 5 VUs      06m46.0s/10m0s
spike ✓ [ 100% ] 00/40 VUs  3m30s        

running (06m47.0s), 15/57 VUs, 1237 complete and 0 interrupted iterations
load    [  75% ] 10/10 VUs  6m47.0s/9m00.0s
smoke ✓ [ 100% ] 2 VUs      0m33.8s/2m0s  10/10 iters, 5 per VU
soak    [  68% ] 5 VUs      06m47.0s/10m0s
spike ✓ [ 100% ] 00/40 VUs  3m30s        

running (06m48.0s), 15/57 VUs, 1240 complete and 0 interrupted iterations
load    [  76% ] 10/10 VUs  6m48.0s/9m00.0s
smoke ✓ [ 100% ] 2 VUs      0m33.8s/2m0s  10/10 iters, 5 per VU
soak    [  68% ] 5 VUs      06m48.0s/10m0s
spike ✓ [ 100% ] 00/40 VUs  3m30s        

running (06m49.0s), 15/57 VUs, 1242 complete and 0 interrupted iterations
load    [  76% ] 10/10 VUs  6m49.0s/9m00.0s
smoke ✓ [ 100% ] 2 VUs      0m33.8s/2m0s  10/10 iters, 5 per VU
soak    [  68% ] 5 VUs      06m49.0s/10m0s
spike ✓ [ 100% ] 00/40 VUs  3m30s        

running (06m50.0s), 15/57 VUs, 1242 complete and 0 interrupted iterations
load    [  76% ] 10/10 VUs  6m50.0s/9m00.0s
smoke ✓ [ 100% ] 2 VUs      0m33.8s/2m0s  10/10 iters, 5 per VU
soak    [  68% ] 5 VUs      06m50.0s/10m0s
spike ✓ [ 100% ] 00/40 VUs  3m30s        

running (06m51.0s), 15/57 VUs, 1244 complete and 0 interrupted iterations
load    [  76% ] 10/10 VUs  6m51.0s/9m00.0s
smoke ✓ [ 100% ] 2 VUs      0m33.8s/2m0s  10/10 iters, 5 per VU
soak    [  68% ] 5 VUs      06m51.0s/10m0s
spike ✓ [ 100% ] 00/40 VUs  3m30s        

running (06m52.0s), 15/57 VUs, 1246 complete and 0 interrupted iterations
load    [  76% ] 10/10 VUs  6m52.0s/9m00.0s
smoke ✓ [ 100% ] 2 VUs      0m33.8s/2m0s  10/10 iters, 5 per VU
soak    [  69% ] 5 VUs      06m52.0s/10m0s
spike ✓ [ 100% ] 00/40 VUs  3m30s        

running (06m53.0s), 15/57 VUs, 1250 complete and 0 interrupted iterations
load    [  76% ] 10/10 VUs  6m53.0s/9m00.0s
smoke ✓ [ 100% ] 2 VUs      0m33.8s/2m0s  10/10 iters, 5 per VU
soak    [  69% ] 5 VUs      06m53.0s/10m0s
spike ✓ [ 100% ] 00/40 VUs  3m30s        

running (06m54.0s), 15/57 VUs, 1253 complete and 0 interrupted iterations
load    [  77% ] 10/10 VUs  6m54.0s/9m00.0s
smoke ✓ [ 100% ] 2 VUs      0m33.8s/2m0s  10/10 iters, 5 per VU
soak    [  69% ] 5 VUs      06m54.0s/10m0s
spike ✓ [ 100% ] 00/40 VUs  3m30s        

running (06m55.0s), 15/57 VUs, 1256 complete and 0 interrupted iterations
load    [  77% ] 10/10 VUs  6m55.0s/9m00.0s
smoke ✓ [ 100% ] 2 VUs      0m33.8s/2m0s  10/10 iters, 5 per VU
soak    [  69% ] 5 VUs      06m55.0s/10m0s
spike ✓ [ 100% ] 00/40 VUs  3m30s        

running (06m56.0s), 15/57 VUs, 1257 complete and 0 interrupted iterations
load    [  77% ] 10/10 VUs  6m56.0s/9m00.0s
smoke ✓ [ 100% ] 2 VUs      0m33.8s/2m0s  10/10 iters, 5 per VU
soak    [  69% ] 5 VUs      06m56.0s/10m0s
spike ✓ [ 100% ] 00/40 VUs  3m30s        

running (06m57.0s), 15/57 VUs, 1257 complete and 0 interrupted iterations
load    [  77% ] 10/10 VUs  6m57.0s/9m00.0s
smoke ✓ [ 100% ] 2 VUs      0m33.8s/2m0s  10/10 iters, 5 per VU
soak    [  69% ] 5 VUs      06m57.0s/10m0s
spike ✓ [ 100% ] 00/40 VUs  3m30s        

running (06m58.0s), 15/57 VUs, 1259 complete and 0 interrupted iterations
load    [  77% ] 10/10 VUs  6m58.0s/9m00.0s
smoke ✓ [ 100% ] 2 VUs      0m33.8s/2m0s  10/10 iters, 5 per VU
soak    [  70% ] 5 VUs      06m58.0s/10m0s
spike ✓ [ 100% ] 00/40 VUs  3m30s        

running (06m59.0s), 15/57 VUs, 1263 complete and 0 interrupted iterations
load    [  78% ] 10/10 VUs  6m59.0s/9m00.0s
smoke ✓ [ 100% ] 2 VUs      0m33.8s/2m0s  10/10 iters, 5 per VU
soak    [  70% ] 5 VUs      06m59.0s/10m0s
spike ✓ [ 100% ] 00/40 VUs  3m30s        

running (07m00.0s), 15/57 VUs, 1266 complete and 0 interrupted iterations
load    [  78% ] 10/10 VUs  7m00.0s/9m00.0s
smoke ✓ [ 100% ] 2 VUs      0m33.8s/2m0s  10/10 iters, 5 per VU
soak    [  70% ] 5 VUs      07m00.0s/10m0s
spike ✓ [ 100% ] 00/40 VUs  3m30s        

running (07m01.0s), 15/57 VUs, 1268 complete and 0 interrupted iterations
load    [  78% ] 10/10 VUs  7m01.0s/9m00.0s
smoke ✓ [ 100% ] 2 VUs      0m33.8s/2m0s  10/10 iters, 5 per VU
soak    [  70% ] 5 VUs      07m01.0s/10m0s
spike ✓ [ 100% ] 00/40 VUs  3m30s        

running (07m02.0s), 15/57 VUs, 1270 complete and 0 interrupted iterations
load    [  78% ] 10/10 VUs  7m02.0s/9m00.0s
smoke ✓ [ 100% ] 2 VUs      0m33.8s/2m0s  10/10 iters, 5 per VU
soak    [  70% ] 5 VUs      07m02.0s/10m0s
spike ✓ [ 100% ] 00/40 VUs  3m30s        

running (07m03.0s), 15/57 VUs, 1272 complete and 0 interrupted iterations
load    [  78% ] 10/10 VUs  7m03.0s/9m00.0s
smoke ✓ [ 100% ] 2 VUs      0m33.8s/2m0s  10/10 iters, 5 per VU
soak    [  70% ] 5 VUs      07m03.0s/10m0s
spike ✓ [ 100% ] 00/40 VUs  3m30s        

running (07m04.0s), 15/57 VUs, 1273 complete and 0 interrupted iterations
load    [  79% ] 10/10 VUs  7m04.0s/9m00.0s
smoke ✓ [ 100% ] 2 VUs      0m33.8s/2m0s  10/10 iters, 5 per VU
soak    [  71% ] 5 VUs      07m04.0s/10m0s
spike ✓ [ 100% ] 00/40 VUs  3m30s        

running (07m05.0s), 15/57 VUs, 1276 complete and 0 interrupted iterations
load    [  79% ] 10/10 VUs  7m05.0s/9m00.0s
smoke ✓ [ 100% ] 2 VUs      0m33.8s/2m0s  10/10 iters, 5 per VU
soak    [  71% ] 5 VUs      07m05.0s/10m0s
spike ✓ [ 100% ] 00/40 VUs  3m30s        

running (07m06.0s), 15/57 VUs, 1278 complete and 0 interrupted iterations
load    [  79% ] 10/10 VUs  7m06.0s/9m00.0s
smoke ✓ [ 100% ] 2 VUs      0m33.8s/2m0s  10/10 iters, 5 per VU
soak    [  71% ] 5 VUs      07m06.0s/10m0s
spike ✓ [ 100% ] 00/40 VUs  3m30s        

running (07m07.0s), 15/57 VUs, 1281 complete and 0 interrupted iterations
load    [  79% ] 10/10 VUs  7m07.0s/9m00.0s
smoke ✓ [ 100% ] 2 VUs      0m33.8s/2m0s  10/10 iters, 5 per VU
soak    [  71% ] 5 VUs      07m07.0s/10m0s
spike ✓ [ 100% ] 00/40 VUs  3m30s        

running (07m08.0s), 15/57 VUs, 1283 complete and 0 interrupted iterations
load    [  79% ] 10/10 VUs  7m08.0s/9m00.0s
smoke ✓ [ 100% ] 2 VUs      0m33.8s/2m0s  10/10 iters, 5 per VU
soak    [  71% ] 5 VUs      07m08.0s/10m0s
spike ✓ [ 100% ] 00/40 VUs  3m30s        

running (07m09.0s), 15/57 VUs, 1286 complete and 0 interrupted iterations
load    [  79% ] 10/10 VUs  7m09.0s/9m00.0s
smoke ✓ [ 100% ] 2 VUs      0m33.8s/2m0s  10/10 iters, 5 per VU
soak    [  71% ] 5 VUs      07m09.0s/10m0s
spike ✓ [ 100% ] 00/40 VUs  3m30s        

running (07m10.0s), 15/57 VUs, 1287 complete and 0 interrupted iterations
load    [  80% ] 10/10 VUs  7m10.0s/9m00.0s
smoke ✓ [ 100% ] 2 VUs      0m33.8s/2m0s  10/10 iters, 5 per VU
soak    [  72% ] 5 VUs      07m10.0s/10m0s
spike ✓ [ 100% ] 00/40 VUs  3m30s        

running (07m11.0s), 15/57 VUs, 1288 complete and 0 interrupted iterations
load    [  80% ] 10/10 VUs  7m11.0s/9m00.0s
smoke ✓ [ 100% ] 2 VUs      0m33.8s/2m0s  10/10 iters, 5 per VU
soak    [  72% ] 5 VUs      07m11.0s/10m0s
spike ✓ [ 100% ] 00/40 VUs  3m30s        

running (07m12.0s), 15/57 VUs, 1290 complete and 0 interrupted iterations
load    [  80% ] 10/10 VUs  7m12.0s/9m00.0s
smoke ✓ [ 100% ] 2 VUs      0m33.8s/2m0s  10/10 iters, 5 per VU
soak    [  72% ] 5 VUs      07m12.0s/10m0s
spike ✓ [ 100% ] 00/40 VUs  3m30s        

running (07m13.0s), 15/57 VUs, 1293 complete and 0 interrupted iterations
load    [  80% ] 10/10 VUs  7m13.0s/9m00.0s
smoke ✓ [ 100% ] 2 VUs      0m33.8s/2m0s  10/10 iters, 5 per VU
soak    [  72% ] 5 VUs      07m13.0s/10m0s
spike ✓ [ 100% ] 00/40 VUs  3m30s        

running (07m14.0s), 14/57 VUs, 1297 complete and 0 interrupted iterations
load    [  80% ] 09/10 VUs  7m14.0s/9m00.0s
smoke ✓ [ 100% ] 2 VUs      0m33.8s/2m0s  10/10 iters, 5 per VU
soak    [  72% ] 5 VUs      07m14.0s/10m0s
spike ✓ [ 100% ] 00/40 VUs  3m30s        

running (07m15.0s), 14/57 VUs, 1299 complete and 0 interrupted iterations
load    [  81% ] 09/10 VUs  7m15.0s/9m00.0s
smoke ✓ [ 100% ] 2 VUs      0m33.8s/2m0s  10/10 iters, 5 per VU
soak    [  72% ] 5 VUs      07m15.0s/10m0s
spike ✓ [ 100% ] 00/40 VUs  3m30s        

running (07m16.0s), 14/57 VUs, 1302 complete and 0 interrupted iterations
load    [  81% ] 09/10 VUs  7m16.0s/9m00.0s
smoke ✓ [ 100% ] 2 VUs      0m33.8s/2m0s  10/10 iters, 5 per VU
soak    [  73% ] 5 VUs      07m16.0s/10m0s
spike ✓ [ 100% ] 00/40 VUs  3m30s        

running (07m17.0s), 14/57 VUs, 1302 complete and 0 interrupted iterations
load    [  81% ] 09/10 VUs  7m17.0s/9m00.0s
smoke ✓ [ 100% ] 2 VUs      0m33.8s/2m0s  10/10 iters, 5 per VU
soak    [  73% ] 5 VUs      07m17.0s/10m0s
spike ✓ [ 100% ] 00/40 VUs  3m30s        

running (07m18.0s), 14/57 VUs, 1302 complete and 0 interrupted iterations
load    [  81% ] 09/10 VUs  7m18.0s/9m00.0s
smoke ✓ [ 100% ] 2 VUs      0m33.8s/2m0s  10/10 iters, 5 per VU
soak    [  73% ] 5 VUs      07m18.0s/10m0s
spike ✓ [ 100% ] 00/40 VUs  3m30s        

running (07m19.0s), 14/57 VUs, 1304 complete and 0 interrupted iterations
load    [  81% ] 09/10 VUs  7m19.0s/9m00.0s
smoke ✓ [ 100% ] 2 VUs      0m33.8s/2m0s  10/10 iters, 5 per VU
soak    [  73% ] 5 VUs      07m19.0s/10m0s
spike ✓ [ 100% ] 00/40 VUs  3m30s        

running (07m20.0s), 14/57 VUs, 1310 complete and 0 interrupted iterations
load    [  81% ] 09/10 VUs  7m20.0s/9m00.0s
smoke ✓ [ 100% ] 2 VUs      0m33.8s/2m0s  10/10 iters, 5 per VU
soak    [  73% ] 5 VUs      07m20.0s/10m0s
spike ✓ [ 100% ] 00/40 VUs  3m30s        

running (07m21.0s), 14/57 VUs, 1311 complete and 0 interrupted iterations
load    [  82% ] 09/10 VUs  7m21.0s/9m00.0s
smoke ✓ [ 100% ] 2 VUs      0m33.8s/2m0s  10/10 iters, 5 per VU
soak    [  73% ] 5 VUs      07m21.0s/10m0s
spike ✓ [ 100% ] 00/40 VUs  3m30s        

running (07m22.0s), 14/57 VUs, 1314 complete and 0 interrupted iterations
load    [  82% ] 09/10 VUs  7m22.0s/9m00.0s
smoke ✓ [ 100% ] 2 VUs      0m33.8s/2m0s  10/10 iters, 5 per VU
soak    [  74% ] 5 VUs      07m22.0s/10m0s
spike ✓ [ 100% ] 00/40 VUs  3m30s        

running (07m23.0s), 14/57 VUs, 1316 complete and 0 interrupted iterations
load    [  82% ] 09/10 VUs  7m23.0s/9m00.0s
smoke ✓ [ 100% ] 2 VUs      0m33.8s/2m0s  10/10 iters, 5 per VU
soak    [  74% ] 5 VUs      07m23.0s/10m0s
spike ✓ [ 100% ] 00/40 VUs  3m30s        

running (07m24.0s), 14/57 VUs, 1316 complete and 0 interrupted iterations
load    [  82% ] 09/10 VUs  7m24.0s/9m00.0s
smoke ✓ [ 100% ] 2 VUs      0m33.8s/2m0s  10/10 iters, 5 per VU
soak    [  74% ] 5 VUs      07m24.0s/10m0s
spike ✓ [ 100% ] 00/40 VUs  3m30s        

running (07m25.0s), 14/57 VUs, 1316 complete and 0 interrupted iterations
load    [  82% ] 09/10 VUs  7m25.0s/9m00.0s
smoke ✓ [ 100% ] 2 VUs      0m33.8s/2m0s  10/10 iters, 5 per VU
soak    [  74% ] 5 VUs      07m25.0s/10m0s
spike ✓ [ 100% ] 00/40 VUs  3m30s        

running (07m26.0s), 14/57 VUs, 1320 complete and 0 interrupted iterations
load    [  83% ] 09/10 VUs  7m26.0s/9m00.0s
smoke ✓ [ 100% ] 2 VUs      0m33.8s/2m0s  10/10 iters, 5 per VU
soak    [  74% ] 5 VUs      07m26.0s/10m0s
spike ✓ [ 100% ] 00/40 VUs  3m30s        

running (07m27.0s), 13/57 VUs, 1325 complete and 0 interrupted iterations
load    [  83% ] 08/10 VUs  7m27.0s/9m00.0s
smoke ✓ [ 100% ] 2 VUs      0m33.8s/2m0s  10/10 iters, 5 per VU
soak    [  74% ] 5 VUs      07m27.0s/10m0s
spike ✓ [ 100% ] 00/40 VUs  3m30s        

running (07m28.0s), 13/57 VUs, 1327 complete and 0 interrupted iterations
load    [  83% ] 08/10 VUs  7m28.0s/9m00.0s
smoke ✓ [ 100% ] 2 VUs      0m33.8s/2m0s  10/10 iters, 5 per VU
soak    [  75% ] 5 VUs      07m28.0s/10m0s
spike ✓ [ 100% ] 00/40 VUs  3m30s        

running (07m29.0s), 13/57 VUs, 1330 complete and 0 interrupted iterations
load    [  83% ] 08/10 VUs  7m29.0s/9m00.0s
smoke ✓ [ 100% ] 2 VUs      0m33.8s/2m0s  10/10 iters, 5 per VU
soak    [  75% ] 5 VUs      07m29.0s/10m0s
spike ✓ [ 100% ] 00/40 VUs  3m30s        

running (07m30.0s), 13/57 VUs, 1330 complete and 0 interrupted iterations
load    [  83% ] 08/10 VUs  7m30.0s/9m00.0s
smoke ✓ [ 100% ] 2 VUs      0m33.8s/2m0s  10/10 iters, 5 per VU
soak    [  75% ] 5 VUs      07m30.0s/10m0s
spike ✓ [ 100% ] 00/40 VUs  3m30s        

running (07m31.0s), 13/57 VUs, 1330 complete and 0 interrupted iterations
load    [  84% ] 08/10 VUs  7m31.0s/9m00.0s
smoke ✓ [ 100% ] 2 VUs      0m33.8s/2m0s  10/10 iters, 5 per VU
soak    [  75% ] 5 VUs      07m31.0s/10m0s
spike ✓ [ 100% ] 00/40 VUs  3m30s        

running (07m32.0s), 13/57 VUs, 1331 complete and 0 interrupted iterations
load    [  84% ] 08/10 VUs  7m32.0s/9m00.0s
smoke ✓ [ 100% ] 2 VUs      0m33.8s/2m0s  10/10 iters, 5 per VU
soak    [  75% ] 5 VUs      07m32.0s/10m0s
spike ✓ [ 100% ] 00/40 VUs  3m30s        

running (07m33.0s), 13/57 VUs, 1335 complete and 0 interrupted iterations
load    [  84% ] 08/10 VUs  7m33.0s/9m00.0s
smoke ✓ [ 100% ] 2 VUs      0m33.8s/2m0s  10/10 iters, 5 per VU
soak    [  75% ] 5 VUs      07m33.0s/10m0s
spike ✓ [ 100% ] 00/40 VUs  3m30s        

running (07m34.0s), 13/57 VUs, 1337 complete and 0 interrupted iterations
load    [  84% ] 08/10 VUs  7m34.0s/9m00.0s
smoke ✓ [ 100% ] 2 VUs      0m33.8s/2m0s  10/10 iters, 5 per VU
soak    [  76% ] 5 VUs      07m34.0s/10m0s
spike ✓ [ 100% ] 00/40 VUs  3m30s        

running (07m35.0s), 13/57 VUs, 1342 complete and 0 interrupted iterations
load    [  84% ] 08/10 VUs  7m35.0s/9m00.0s
smoke ✓ [ 100% ] 2 VUs      0m33.8s/2m0s  10/10 iters, 5 per VU
soak    [  76% ] 5 VUs      07m35.0s/10m0s
spike ✓ [ 100% ] 00/40 VUs  3m30s        

running (07m36.0s), 13/57 VUs, 1342 complete and 0 interrupted iterations
load    [  84% ] 08/10 VUs  7m36.0s/9m00.0s
smoke ✓ [ 100% ] 2 VUs      0m33.8s/2m0s  10/10 iters, 5 per VU
soak    [  76% ] 5 VUs      07m36.0s/10m0s
spike ✓ [ 100% ] 00/40 VUs  3m30s        

running (07m37.0s), 13/57 VUs, 1343 complete and 0 interrupted iterations
load    [  85% ] 08/10 VUs  7m37.0s/9m00.0s
smoke ✓ [ 100% ] 2 VUs      0m33.8s/2m0s  10/10 iters, 5 per VU
soak    [  76% ] 5 VUs      07m37.0s/10m0s
spike ✓ [ 100% ] 00/40 VUs  3m30s        

running (07m38.0s), 13/57 VUs, 1343 complete and 0 interrupted iterations
load    [  85% ] 08/10 VUs  7m38.0s/9m00.0s
smoke ✓ [ 100% ] 2 VUs      0m33.8s/2m0s  10/10 iters, 5 per VU
soak    [  76% ] 5 VUs      07m38.0s/10m0s
spike ✓ [ 100% ] 00/40 VUs  3m30s        

running (07m39.0s), 13/57 VUs, 1345 complete and 0 interrupted iterations
load    [  85% ] 08/10 VUs  7m39.0s/9m00.0s
smoke ✓ [ 100% ] 2 VUs      0m33.8s/2m0s  10/10 iters, 5 per VU
soak    [  76% ] 5 VUs      07m39.0s/10m0s
spike ✓ [ 100% ] 00/40 VUs  3m30s        

running (07m40.0s), 13/57 VUs, 1350 complete and 0 interrupted iterations
load    [  85% ] 08/10 VUs  7m40.0s/9m00.0s
smoke ✓ [ 100% ] 2 VUs      0m33.8s/2m0s  10/10 iters, 5 per VU
soak    [  77% ] 5 VUs      07m40.0s/10m0s
spike ✓ [ 100% ] 00/40 VUs  3m30s        

running (07m41.0s), 13/57 VUs, 1352 complete and 0 interrupted iterations
load    [  85% ] 08/10 VUs  7m41.0s/9m00.0s
smoke ✓ [ 100% ] 2 VUs      0m33.8s/2m0s  10/10 iters, 5 per VU
soak    [  77% ] 5 VUs      07m41.0s/10m0s
spike ✓ [ 100% ] 00/40 VUs  3m30s        

running (07m42.0s), 12/57 VUs, 1354 complete and 0 interrupted iterations
load    [  86% ] 07/10 VUs  7m42.0s/9m00.0s
smoke ✓ [ 100% ] 2 VUs      0m33.8s/2m0s  10/10 iters, 5 per VU
soak    [  77% ] 5 VUs      07m42.0s/10m0s
spike ✓ [ 100% ] 00/40 VUs  3m30s        

running (07m43.0s), 12/57 VUs, 1356 complete and 0 interrupted iterations
load    [  86% ] 07/10 VUs  7m43.0s/9m00.0s
smoke ✓ [ 100% ] 2 VUs      0m33.8s/2m0s  10/10 iters, 5 per VU
soak    [  77% ] 5 VUs      07m43.0s/10m0s
spike ✓ [ 100% ] 00/40 VUs  3m30s        

running (07m44.0s), 12/57 VUs, 1356 complete and 0 interrupted iterations
load    [  86% ] 07/10 VUs  7m44.0s/9m00.0s
smoke ✓ [ 100% ] 2 VUs      0m33.8s/2m0s  10/10 iters, 5 per VU
soak    [  77% ] 5 VUs      07m44.0s/10m0s
spike ✓ [ 100% ] 00/40 VUs  3m30s        

running (07m45.0s), 12/57 VUs, 1356 complete and 0 interrupted iterations
load    [  86% ] 07/10 VUs  7m45.0s/9m00.0s
smoke ✓ [ 100% ] 2 VUs      0m33.8s/2m0s  10/10 iters, 5 per VU
soak    [  77% ] 5 VUs      07m45.0s/10m0s
spike ✓ [ 100% ] 00/40 VUs  3m30s        

running (07m46.0s), 12/57 VUs, 1360 complete and 0 interrupted iterations
load    [  86% ] 07/10 VUs  7m46.0s/9m00.0s
smoke ✓ [ 100% ] 2 VUs      0m33.8s/2m0s  10/10 iters, 5 per VU
soak    [  78% ] 5 VUs      07m46.0s/10m0s
spike ✓ [ 100% ] 00/40 VUs  3m30s        

running (07m47.0s), 12/57 VUs, 1363 complete and 0 interrupted iterations
load    [  86% ] 07/10 VUs  7m47.0s/9m00.0s
smoke ✓ [ 100% ] 2 VUs      0m33.8s/2m0s  10/10 iters, 5 per VU
soak    [  78% ] 5 VUs      07m47.0s/10m0s
spike ✓ [ 100% ] 00/40 VUs  3m30s        

running (07m48.0s), 12/57 VUs, 1366 complete and 0 interrupted iterations
load    [  87% ] 07/10 VUs  7m48.0s/9m00.0s
smoke ✓ [ 100% ] 2 VUs      0m33.8s/2m0s  10/10 iters, 5 per VU
soak    [  78% ] 5 VUs      07m48.0s/10m0s
spike ✓ [ 100% ] 00/40 VUs  3m30s        

running (07m49.0s), 12/57 VUs, 1368 complete and 0 interrupted iterations
load    [  87% ] 07/10 VUs  7m49.0s/9m00.0s
smoke ✓ [ 100% ] 2 VUs      0m33.8s/2m0s  10/10 iters, 5 per VU
soak    [  78% ] 5 VUs      07m49.0s/10m0s
spike ✓ [ 100% ] 00/40 VUs  3m30s        

running (07m50.0s), 12/57 VUs, 1368 complete and 0 interrupted iterations
load    [  87% ] 07/10 VUs  7m50.0s/9m00.0s
smoke ✓ [ 100% ] 2 VUs      0m33.8s/2m0s  10/10 iters, 5 per VU
soak    [  78% ] 5 VUs      07m50.0s/10m0s
spike ✓ [ 100% ] 00/40 VUs  3m30s        

running (07m51.0s), 12/57 VUs, 1368 complete and 0 interrupted iterations
load    [  87% ] 07/10 VUs  7m51.0s/9m00.0s
smoke ✓ [ 100% ] 2 VUs      0m33.8s/2m0s  10/10 iters, 5 per VU
soak    [  78% ] 5 VUs      07m51.0s/10m0s
spike ✓ [ 100% ] 00/40 VUs  3m30s        

running (07m52.0s), 12/57 VUs, 1368 complete and 0 interrupted iterations
load    [  87% ] 07/10 VUs  7m52.0s/9m00.0s
smoke ✓ [ 100% ] 2 VUs      0m33.8s/2m0s  10/10 iters, 5 per VU
soak    [  79% ] 5 VUs      07m52.0s/10m0s
spike ✓ [ 100% ] 00/40 VUs  3m30s        

running (07m53.0s), 12/57 VUs, 1371 complete and 0 interrupted iterations
load    [  88% ] 07/10 VUs  7m53.0s/9m00.0s
smoke ✓ [ 100% ] 2 VUs      0m33.8s/2m0s  10/10 iters, 5 per VU
soak    [  79% ] 5 VUs      07m53.0s/10m0s
spike ✓ [ 100% ] 00/40 VUs  3m30s        

running (07m54.0s), 11/57 VUs, 1377 complete and 0 interrupted iterations
load    [  88% ] 06/10 VUs  7m54.0s/9m00.0s
smoke ✓ [ 100% ] 2 VUs      0m33.8s/2m0s  10/10 iters, 5 per VU
soak    [  79% ] 5 VUs      07m54.0s/10m0s
spike ✓ [ 100% ] 00/40 VUs  3m30s        

running (07m55.0s), 11/57 VUs, 1380 complete and 0 interrupted iterations
load    [  88% ] 06/10 VUs  7m55.0s/9m00.0s
smoke ✓ [ 100% ] 2 VUs      0m33.8s/2m0s  10/10 iters, 5 per VU
soak    [  79% ] 5 VUs      07m55.0s/10m0s
spike ✓ [ 100% ] 00/40 VUs  3m30s        

running (07m56.0s), 11/57 VUs, 1380 complete and 0 interrupted iterations
load    [  88% ] 06/10 VUs  7m56.0s/9m00.0s
smoke ✓ [ 100% ] 2 VUs      0m33.8s/2m0s  10/10 iters, 5 per VU
soak    [  79% ] 5 VUs      07m56.0s/10m0s
spike ✓ [ 100% ] 00/40 VUs  3m30s        

running (07m57.0s), 11/57 VUs, 1380 complete and 0 interrupted iterations
load    [  88% ] 06/10 VUs  7m57.0s/9m00.0s
smoke ✓ [ 100% ] 2 VUs      0m33.8s/2m0s  10/10 iters, 5 per VU
soak    [  79% ] 5 VUs      07m57.0s/10m0s
spike ✓ [ 100% ] 00/40 VUs  3m30s        

running (07m58.0s), 11/57 VUs, 1381 complete and 0 interrupted iterations
load    [  89% ] 06/10 VUs  7m58.0s/9m00.0s
smoke ✓ [ 100% ] 2 VUs      0m33.8s/2m0s  10/10 iters, 5 per VU
soak    [  80% ] 5 VUs      07m58.0s/10m0s
spike ✓ [ 100% ] 00/40 VUs  3m30s        

running (07m59.0s), 11/57 VUs, 1383 complete and 0 interrupted iterations
load    [  89% ] 06/10 VUs  7m59.0s/9m00.0s
smoke ✓ [ 100% ] 2 VUs      0m33.8s/2m0s  10/10 iters, 5 per VU
soak    [  80% ] 5 VUs      07m59.0s/10m0s
spike ✓ [ 100% ] 00/40 VUs  3m30s        

running (08m00.0s), 11/57 VUs, 1386 complete and 0 interrupted iterations
load    [  89% ] 06/10 VUs  8m00.0s/9m00.0s
smoke ✓ [ 100% ] 2 VUs      0m33.8s/2m0s  10/10 iters, 5 per VU
soak    [  80% ] 5 VUs      08m00.0s/10m0s
spike ✓ [ 100% ] 00/40 VUs  3m30s        

running (08m01.0s), 11/57 VUs, 1388 complete and 0 interrupted iterations
load    [  89% ] 06/10 VUs  8m01.0s/9m00.0s
smoke ✓ [ 100% ] 2 VUs      0m33.8s/2m0s  10/10 iters, 5 per VU
soak    [  80% ] 5 VUs      08m01.0s/10m0s
spike ✓ [ 100% ] 00/40 VUs  3m30s        

running (08m02.0s), 11/57 VUs, 1391 complete and 0 interrupted iterations
load    [  89% ] 06/10 VUs  8m02.0s/9m00.0s
smoke ✓ [ 100% ] 2 VUs      0m33.8s/2m0s  10/10 iters, 5 per VU
soak    [  80% ] 5 VUs      08m02.0s/10m0s
spike ✓ [ 100% ] 00/40 VUs  3m30s        

running (08m03.0s), 11/57 VUs, 1391 complete and 0 interrupted iterations
load    [  89% ] 06/10 VUs  8m03.0s/9m00.0s
smoke ✓ [ 100% ] 2 VUs      0m33.8s/2m0s  10/10 iters, 5 per VU
soak    [  80% ] 5 VUs      08m03.0s/10m0s
spike ✓ [ 100% ] 00/40 VUs  3m30s        

running (08m04.0s), 11/57 VUs, 1392 complete and 0 interrupted iterations
load    [  90% ] 06/10 VUs  8m04.0s/9m00.0s
smoke ✓ [ 100% ] 2 VUs      0m33.8s/2m0s  10/10 iters, 5 per VU
soak    [  81% ] 5 VUs      08m04.0s/10m0s
spike ✓ [ 100% ] 00/40 VUs  3m30s        

running (08m05.0s), 10/57 VUs, 1394 complete and 0 interrupted iterations
load    [  90% ] 05/10 VUs  8m05.0s/9m00.0s
smoke ✓ [ 100% ] 2 VUs      0m33.8s/2m0s  10/10 iters, 5 per VU
soak    [  81% ] 5 VUs      08m05.0s/10m0s
spike ✓ [ 100% ] 00/40 VUs  3m30s        

running (08m06.0s), 10/57 VUs, 1398 complete and 0 interrupted iterations
load    [  90% ] 05/10 VUs  8m06.0s/9m00.0s
smoke ✓ [ 100% ] 2 VUs      0m33.8s/2m0s  10/10 iters, 5 per VU
soak    [  81% ] 5 VUs      08m06.0s/10m0s
spike ✓ [ 100% ] 00/40 VUs  3m30s        

running (08m07.0s), 10/57 VUs, 1399 complete and 0 interrupted iterations
load    [  90% ] 05/10 VUs  8m07.0s/9m00.0s
smoke ✓ [ 100% ] 2 VUs      0m33.8s/2m0s  10/10 iters, 5 per VU
soak    [  81% ] 5 VUs      08m07.0s/10m0s
spike ✓ [ 100% ] 00/40 VUs  3m30s        

running (08m08.0s), 10/57 VUs, 1401 complete and 0 interrupted iterations
load    [  90% ] 05/10 VUs  8m08.0s/9m00.0s
smoke ✓ [ 100% ] 2 VUs      0m33.8s/2m0s  10/10 iters, 5 per VU
soak    [  81% ] 5 VUs      08m08.0s/10m0s
spike ✓ [ 100% ] 00/40 VUs  3m30s        

running (08m09.0s), 10/57 VUs, 1402 complete and 0 interrupted iterations
load    [  91% ] 05/10 VUs  8m09.0s/9m00.0s
smoke ✓ [ 100% ] 2 VUs      0m33.8s/2m0s  10/10 iters, 5 per VU
soak    [  81% ] 5 VUs      08m09.0s/10m0s
spike ✓ [ 100% ] 00/40 VUs  3m30s        

running (08m10.0s), 10/57 VUs, 1404 complete and 0 interrupted iterations
load    [  91% ] 05/10 VUs  8m10.0s/9m00.0s
smoke ✓ [ 100% ] 2 VUs      0m33.8s/2m0s  10/10 iters, 5 per VU
soak    [  82% ] 5 VUs      08m10.0s/10m0s
spike ✓ [ 100% ] 00/40 VUs  3m30s        

running (08m11.0s), 10/57 VUs, 1404 complete and 0 interrupted iterations
load    [  91% ] 05/10 VUs  8m11.0s/9m00.0s
smoke ✓ [ 100% ] 2 VUs      0m33.8s/2m0s  10/10 iters, 5 per VU
soak    [  82% ] 5 VUs      08m11.0s/10m0s
spike ✓ [ 100% ] 00/40 VUs  3m30s        

running (08m12.0s), 10/57 VUs, 1406 complete and 0 interrupted iterations
load    [  91% ] 05/10 VUs  8m12.0s/9m00.0s
smoke ✓ [ 100% ] 2 VUs      0m33.8s/2m0s  10/10 iters, 5 per VU
soak    [  82% ] 5 VUs      08m12.0s/10m0s
spike ✓ [ 100% ] 00/40 VUs  3m30s        

running (08m13.0s), 10/57 VUs, 1408 complete and 0 interrupted iterations
load    [  91% ] 05/10 VUs  8m13.0s/9m00.0s
smoke ✓ [ 100% ] 2 VUs      0m33.8s/2m0s  10/10 iters, 5 per VU
soak    [  82% ] 5 VUs      08m13.0s/10m0s
spike ✓ [ 100% ] 00/40 VUs  3m30s        

running (08m14.0s), 10/57 VUs, 1411 complete and 0 interrupted iterations
load    [  91% ] 05/10 VUs  8m14.0s/9m00.0s
smoke ✓ [ 100% ] 2 VUs      0m33.8s/2m0s  10/10 iters, 5 per VU
soak    [  82% ] 5 VUs      08m14.0s/10m0s
spike ✓ [ 100% ] 00/40 VUs  3m30s        

running (08m15.0s), 10/57 VUs, 1412 complete and 0 interrupted iterations
load    [  92% ] 05/10 VUs  8m15.0s/9m00.0s
smoke ✓ [ 100% ] 2 VUs      0m33.8s/2m0s  10/10 iters, 5 per VU
soak    [  82% ] 5 VUs      08m15.0s/10m0s
spike ✓ [ 100% ] 00/40 VUs  3m30s        

running (08m16.0s), 10/57 VUs, 1413 complete and 0 interrupted iterations
load    [  92% ] 05/10 VUs  8m16.0s/9m00.0s
smoke ✓ [ 100% ] 2 VUs      0m33.8s/2m0s  10/10 iters, 5 per VU
soak    [  83% ] 5 VUs      08m16.0s/10m0s
spike ✓ [ 100% ] 00/40 VUs  3m30s        

running (08m17.0s), 10/57 VUs, 1415 complete and 0 interrupted iterations
load    [  92% ] 05/10 VUs  8m17.0s/9m00.0s
smoke ✓ [ 100% ] 2 VUs      0m33.8s/2m0s  10/10 iters, 5 per VU
soak    [  83% ] 5 VUs      08m17.0s/10m0s
spike ✓ [ 100% ] 00/40 VUs  3m30s        

running (08m18.0s), 09/57 VUs, 1416 complete and 0 interrupted iterations
load    [  92% ] 04/10 VUs  8m18.0s/9m00.0s
smoke ✓ [ 100% ] 2 VUs      0m33.8s/2m0s  10/10 iters, 5 per VU
soak    [  83% ] 5 VUs      08m18.0s/10m0s
spike ✓ [ 100% ] 00/40 VUs  3m30s        

running (08m19.0s), 09/57 VUs, 1417 complete and 0 interrupted iterations
load    [  92% ] 04/10 VUs  8m19.0s/9m00.0s
smoke ✓ [ 100% ] 2 VUs      0m33.8s/2m0s  10/10 iters, 5 per VU
soak    [  83% ] 5 VUs      08m19.0s/10m0s
spike ✓ [ 100% ] 00/40 VUs  3m30s        

running (08m20.0s), 09/57 VUs, 1420 complete and 0 interrupted iterations
load    [  93% ] 04/10 VUs  8m20.0s/9m00.0s
smoke ✓ [ 100% ] 2 VUs      0m33.8s/2m0s  10/10 iters, 5 per VU
soak    [  83% ] 5 VUs      08m20.0s/10m0s
spike ✓ [ 100% ] 00/40 VUs  3m30s        

running (08m21.0s), 09/57 VUs, 1422 complete and 0 interrupted iterations
load    [  93% ] 04/10 VUs  8m21.0s/9m00.0s
smoke ✓ [ 100% ] 2 VUs      0m33.8s/2m0s  10/10 iters, 5 per VU
soak    [  83% ] 5 VUs      08m21.0s/10m0s
spike ✓ [ 100% ] 00/40 VUs  3m30s        

running (08m22.0s), 09/57 VUs, 1424 complete and 0 interrupted iterations
load    [  93% ] 04/10 VUs  8m22.0s/9m00.0s
smoke ✓ [ 100% ] 2 VUs      0m33.8s/2m0s  10/10 iters, 5 per VU
soak    [  84% ] 5 VUs      08m22.0s/10m0s
spike ✓ [ 100% ] 00/40 VUs  3m30s        

running (08m23.0s), 09/57 VUs, 1424 complete and 0 interrupted iterations
load    [  93% ] 04/10 VUs  8m23.0s/9m00.0s
smoke ✓ [ 100% ] 2 VUs      0m33.8s/2m0s  10/10 iters, 5 per VU
soak    [  84% ] 5 VUs      08m23.0s/10m0s
spike ✓ [ 100% ] 00/40 VUs  3m30s        

running (08m24.0s), 09/57 VUs, 1425 complete and 0 interrupted iterations
load    [  93% ] 04/10 VUs  8m24.0s/9m00.0s
smoke ✓ [ 100% ] 2 VUs      0m33.8s/2m0s  10/10 iters, 5 per VU
soak    [  84% ] 5 VUs      08m24.0s/10m0s
spike ✓ [ 100% ] 00/40 VUs  3m30s        

running (08m25.0s), 09/57 VUs, 1426 complete and 0 interrupted iterations
load    [  94% ] 04/10 VUs  8m25.0s/9m00.0s
smoke ✓ [ 100% ] 2 VUs      0m33.8s/2m0s  10/10 iters, 5 per VU
soak    [  84% ] 5 VUs      08m25.0s/10m0s
spike ✓ [ 100% ] 00/40 VUs  3m30s        

running (08m26.0s), 09/57 VUs, 1428 complete and 0 interrupted iterations
load    [  94% ] 04/10 VUs  8m26.0s/9m00.0s
smoke ✓ [ 100% ] 2 VUs      0m33.8s/2m0s  10/10 iters, 5 per VU
soak    [  84% ] 5 VUs      08m26.0s/10m0s
spike ✓ [ 100% ] 00/40 VUs  3m30s        

running (08m27.0s), 08/57 VUs, 1430 complete and 0 interrupted iterations
load    [  94% ] 03/10 VUs  8m27.0s/9m00.0s
smoke ✓ [ 100% ] 2 VUs      0m33.8s/2m0s  10/10 iters, 5 per VU
soak    [  84% ] 5 VUs      08m27.0s/10m0s
spike ✓ [ 100% ] 00/40 VUs  3m30s        

running (08m28.0s), 08/57 VUs, 1432 complete and 0 interrupted iterations
load    [  94% ] 03/10 VUs  8m28.0s/9m00.0s
smoke ✓ [ 100% ] 2 VUs      0m33.8s/2m0s  10/10 iters, 5 per VU
soak    [  85% ] 5 VUs      08m28.0s/10m0s
spike ✓ [ 100% ] 00/40 VUs  3m30s        

running (08m29.0s), 08/57 VUs, 1433 complete and 0 interrupted iterations
load    [  94% ] 03/10 VUs  8m29.0s/9m00.0s
smoke ✓ [ 100% ] 2 VUs      0m33.8s/2m0s  10/10 iters, 5 per VU
soak    [  85% ] 5 VUs      08m29.0s/10m0s
spike ✓ [ 100% ] 00/40 VUs  3m30s        

running (08m30.0s), 08/57 VUs, 1435 complete and 0 interrupted iterations
load    [  94% ] 03/10 VUs  8m30.0s/9m00.0s
smoke ✓ [ 100% ] 2 VUs      0m33.8s/2m0s  10/10 iters, 5 per VU
soak    [  85% ] 5 VUs      08m30.0s/10m0s
spike ✓ [ 100% ] 00/40 VUs  3m30s        

running (08m31.0s), 08/57 VUs, 1435 complete and 0 interrupted iterations
load    [  95% ] 03/10 VUs  8m31.0s/9m00.0s
smoke ✓ [ 100% ] 2 VUs      0m33.8s/2m0s  10/10 iters, 5 per VU
soak    [  85% ] 5 VUs      08m31.0s/10m0s
spike ✓ [ 100% ] 00/40 VUs  3m30s        

running (08m32.0s), 08/57 VUs, 1435 complete and 0 interrupted iterations
load    [  95% ] 03/10 VUs  8m32.0s/9m00.0s
smoke ✓ [ 100% ] 2 VUs      0m33.8s/2m0s  10/10 iters, 5 per VU
soak    [  85% ] 5 VUs      08m32.0s/10m0s
spike ✓ [ 100% ] 00/40 VUs  3m30s        

running (08m33.0s), 08/57 VUs, 1438 complete and 0 interrupted iterations
load    [  95% ] 03/10 VUs  8m33.0s/9m00.0s
smoke ✓ [ 100% ] 2 VUs      0m33.8s/2m0s  10/10 iters, 5 per VU
soak    [  85% ] 5 VUs      08m33.0s/10m0s
spike ✓ [ 100% ] 00/40 VUs  3m30s        

running (08m34.0s), 08/57 VUs, 1438 complete and 0 interrupted iterations
load    [  95% ] 03/10 VUs  8m34.0s/9m00.0s
smoke ✓ [ 100% ] 2 VUs      0m33.8s/2m0s  10/10 iters, 5 per VU
soak    [  86% ] 5 VUs      08m34.0s/10m0s
spike ✓ [ 100% ] 00/40 VUs  3m30s        

running (08m35.0s), 08/57 VUs, 1442 complete and 0 interrupted iterations
load    [  95% ] 03/10 VUs  8m35.0s/9m00.0s
smoke ✓ [ 100% ] 2 VUs      0m33.8s/2m0s  10/10 iters, 5 per VU
soak    [  86% ] 5 VUs      08m35.0s/10m0s
spike ✓ [ 100% ] 00/40 VUs  3m30s        

running (08m36.0s), 08/57 VUs, 1442 complete and 0 interrupted iterations
load    [  96% ] 03/10 VUs  8m36.0s/9m00.0s
smoke ✓ [ 100% ] 2 VUs      0m33.8s/2m0s  10/10 iters, 5 per VU
soak    [  86% ] 5 VUs      08m36.0s/10m0s
spike ✓ [ 100% ] 00/40 VUs  3m30s        

running (08m37.0s), 08/57 VUs, 1443 complete and 0 interrupted iterations
load    [  96% ] 03/10 VUs  8m37.0s/9m00.0s
smoke ✓ [ 100% ] 2 VUs      0m33.8s/2m0s  10/10 iters, 5 per VU
soak    [  86% ] 5 VUs      08m37.0s/10m0s
spike ✓ [ 100% ] 00/40 VUs  3m30s        

running (08m38.0s), 08/57 VUs, 1444 complete and 0 interrupted iterations
load    [  96% ] 03/10 VUs  8m38.0s/9m00.0s
smoke ✓ [ 100% ] 2 VUs      0m33.8s/2m0s  10/10 iters, 5 per VU
soak    [  86% ] 5 VUs      08m38.0s/10m0s
spike ✓ [ 100% ] 00/40 VUs  3m30s        

running (08m39.0s), 08/57 VUs, 1445 complete and 0 interrupted iterations
load    [  96% ] 03/10 VUs  8m39.0s/9m00.0s
smoke ✓ [ 100% ] 2 VUs      0m33.8s/2m0s  10/10 iters, 5 per VU
soak    [  86% ] 5 VUs      08m39.0s/10m0s
spike ✓ [ 100% ] 00/40 VUs  3m30s        

running (08m40.0s), 08/57 VUs, 1446 complete and 0 interrupted iterations
load    [  96% ] 03/10 VUs  8m40.0s/9m00.0s
smoke ✓ [ 100% ] 2 VUs      0m33.8s/2m0s  10/10 iters, 5 per VU
soak    [  87% ] 5 VUs      08m40.0s/10m0s
spike ✓ [ 100% ] 00/40 VUs  3m30s        

running (08m41.0s), 07/57 VUs, 1449 complete and 0 interrupted iterations
load    [  96% ] 02/10 VUs  8m41.0s/9m00.0s
smoke ✓ [ 100% ] 2 VUs      0m33.8s/2m0s  10/10 iters, 5 per VU
soak    [  87% ] 5 VUs      08m41.0s/10m0s
spike ✓ [ 100% ] 00/40 VUs  3m30s        

running (08m42.0s), 07/57 VUs, 1449 complete and 0 interrupted iterations
load    [  97% ] 02/10 VUs  8m42.0s/9m00.0s
smoke ✓ [ 100% ] 2 VUs      0m33.8s/2m0s  10/10 iters, 5 per VU
soak    [  87% ] 5 VUs      08m42.0s/10m0s
spike ✓ [ 100% ] 00/40 VUs  3m30s        

running (08m43.0s), 07/57 VUs, 1450 complete and 0 interrupted iterations
load    [  97% ] 02/10 VUs  8m43.0s/9m00.0s
smoke ✓ [ 100% ] 2 VUs      0m33.8s/2m0s  10/10 iters, 5 per VU
soak    [  87% ] 5 VUs      08m43.0s/10m0s
spike ✓ [ 100% ] 00/40 VUs  3m30s        

running (08m44.0s), 07/57 VUs, 1451 complete and 0 interrupted iterations
load    [  97% ] 02/10 VUs  8m44.0s/9m00.0s
smoke ✓ [ 100% ] 2 VUs      0m33.8s/2m0s  10/10 iters, 5 per VU
soak    [  87% ] 5 VUs      08m44.0s/10m0s
spike ✓ [ 100% ] 00/40 VUs  3m30s        

running (08m45.0s), 07/57 VUs, 1453 complete and 0 interrupted iterations
load    [  97% ] 02/10 VUs  8m45.0s/9m00.0s
smoke ✓ [ 100% ] 2 VUs      0m33.8s/2m0s  10/10 iters, 5 per VU
soak    [  87% ] 5 VUs      08m45.0s/10m0s
spike ✓ [ 100% ] 00/40 VUs  3m30s        

running (08m46.0s), 07/57 VUs, 1455 complete and 0 interrupted iterations
load    [  97% ] 02/10 VUs  8m46.0s/9m00.0s
smoke ✓ [ 100% ] 2 VUs      0m33.8s/2m0s  10/10 iters, 5 per VU
soak    [  88% ] 5 VUs      08m46.0s/10m0s
spike ✓ [ 100% ] 00/40 VUs  3m30s        

running (08m47.0s), 07/57 VUs, 1455 complete and 0 interrupted iterations
load    [  98% ] 02/10 VUs  8m47.0s/9m00.0s
smoke ✓ [ 100% ] 2 VUs      0m33.8s/2m0s  10/10 iters, 5 per VU
soak    [  88% ] 5 VUs      08m47.0s/10m0s
spike ✓ [ 100% ] 00/40 VUs  3m30s        

running (08m48.0s), 07/57 VUs, 1456 complete and 0 interrupted iterations
load    [  98% ] 02/10 VUs  8m48.0s/9m00.0s
smoke ✓ [ 100% ] 2 VUs      0m33.8s/2m0s  10/10 iters, 5 per VU
soak    [  88% ] 5 VUs      08m48.0s/10m0s
spike ✓ [ 100% ] 00/40 VUs  3m30s        

running (08m49.0s), 07/57 VUs, 1457 complete and 0 interrupted iterations
load    [  98% ] 02/10 VUs  8m49.0s/9m00.0s
smoke ✓ [ 100% ] 2 VUs      0m33.8s/2m0s  10/10 iters, 5 per VU
soak    [  88% ] 5 VUs      08m49.0s/10m0s
spike ✓ [ 100% ] 00/40 VUs  3m30s        

running (08m50.0s), 07/57 VUs, 1458 complete and 0 interrupted iterations
load    [  98% ] 02/10 VUs  8m50.0s/9m00.0s
smoke ✓ [ 100% ] 2 VUs      0m33.8s/2m0s  10/10 iters, 5 per VU
soak    [  88% ] 5 VUs      08m50.0s/10m0s
spike ✓ [ 100% ] 00/40 VUs  3m30s        

running (08m51.0s), 07/57 VUs, 1459 complete and 0 interrupted iterations
load    [  98% ] 02/10 VUs  8m51.0s/9m00.0s
smoke ✓ [ 100% ] 2 VUs      0m33.8s/2m0s  10/10 iters, 5 per VU
soak    [  88% ] 5 VUs      08m51.0s/10m0s
spike ✓ [ 100% ] 00/40 VUs  3m30s        

running (08m52.0s), 06/57 VUs, 1461 complete and 0 interrupted iterations
load    [  99% ] 01/10 VUs  8m52.0s/9m00.0s
smoke ✓ [ 100% ] 2 VUs      0m33.8s/2m0s  10/10 iters, 5 per VU
soak    [  89% ] 5 VUs      08m52.0s/10m0s
spike ✓ [ 100% ] 00/40 VUs  3m30s        

running (08m53.0s), 06/57 VUs, 1462 complete and 0 interrupted iterations
load    [  99% ] 01/10 VUs  8m53.0s/9m00.0s
smoke ✓ [ 100% ] 2 VUs      0m33.8s/2m0s  10/10 iters, 5 per VU
soak    [  89% ] 5 VUs      08m53.0s/10m0s
spike ✓ [ 100% ] 00/40 VUs  3m30s        

running (08m54.0s), 06/57 VUs, 1463 complete and 0 interrupted iterations
load    [  99% ] 01/10 VUs  8m54.0s/9m00.0s
smoke ✓ [ 100% ] 2 VUs      0m33.8s/2m0s  10/10 iters, 5 per VU
soak    [  89% ] 5 VUs      08m54.0s/10m0s
spike ✓ [ 100% ] 00/40 VUs  3m30s        

running (08m55.0s), 06/57 VUs, 1463 complete and 0 interrupted iterations
load    [  99% ] 01/10 VUs  8m55.0s/9m00.0s
smoke ✓ [ 100% ] 2 VUs      0m33.8s/2m0s  10/10 iters, 5 per VU
soak    [  89% ] 5 VUs      08m55.0s/10m0s
spike ✓ [ 100% ] 00/40 VUs  3m30s        

running (08m56.0s), 06/57 VUs, 1464 complete and 0 interrupted iterations
load    [  99% ] 01/10 VUs  8m56.0s/9m00.0s
smoke ✓ [ 100% ] 2 VUs      0m33.8s/2m0s  10/10 iters, 5 per VU
soak    [  89% ] 5 VUs      08m56.0s/10m0s
spike ✓ [ 100% ] 00/40 VUs  3m30s        

running (08m57.0s), 06/57 VUs, 1465 complete and 0 interrupted iterations
load    [  99% ] 01/10 VUs  8m57.0s/9m00.0s
smoke ✓ [ 100% ] 2 VUs      0m33.8s/2m0s  10/10 iters, 5 per VU
soak    [  89% ] 5 VUs      08m57.0s/10m0s
spike ✓ [ 100% ] 00/40 VUs  3m30s        

running (08m58.0s), 06/57 VUs, 1468 complete and 0 interrupted iterations
load    [ 100% ] 01/10 VUs  8m58.0s/9m00.0s
smoke ✓ [ 100% ] 2 VUs      0m33.8s/2m0s  10/10 iters, 5 per VU
soak    [  90% ] 5 VUs      08m58.0s/10m0s
spike ✓ [ 100% ] 00/40 VUs  3m30s        

running (08m59.0s), 06/57 VUs, 1468 complete and 0 interrupted iterations
load    [ 100% ] 01/10 VUs  8m59.0s/9m00.0s
smoke ✓ [ 100% ] 2 VUs      0m33.8s/2m0s  10/10 iters, 5 per VU
soak    [  90% ] 5 VUs      08m59.0s/10m0s
spike ✓ [ 100% ] 00/40 VUs  3m30s        

running (09m00.0s), 06/57 VUs, 1468 complete and 0 interrupted iterations
load    [ 100% ] 01/10 VUs  9m00.0s/9m00.0s
smoke ✓ [ 100% ] 2 VUs      0m33.8s/2m0s  10/10 iters, 5 per VU
soak    [  90% ] 5 VUs      09m00.0s/10m0s
spike ✓ [ 100% ] 00/40 VUs  3m30s        

running (09m01.0s), 05/57 VUs, 1470 complete and 0 interrupted iterations
load  ✓ [ 100% ] 00/10 VUs  9m0s         
smoke ✓ [ 100% ] 2 VUs      0m33.8s/2m0s  10/10 iters, 5 per VU
soak    [  90% ] 5 VUs      09m01.0s/10m0s
spike ✓ [ 100% ] 00/40 VUs  3m30s        

running (09m02.0s), 05/57 VUs, 1471 complete and 0 interrupted iterations
load  ✓ [ 100% ] 00/10 VUs  9m0s         
smoke ✓ [ 100% ] 2 VUs      0m33.8s/2m0s  10/10 iters, 5 per VU
soak    [  90% ] 5 VUs      09m02.0s/10m0s
spike ✓ [ 100% ] 00/40 VUs  3m30s        

running (09m03.0s), 05/57 VUs, 1472 complete and 0 interrupted iterations
load  ✓ [ 100% ] 00/10 VUs  9m0s         
smoke ✓ [ 100% ] 2 VUs      0m33.8s/2m0s  10/10 iters, 5 per VU
soak    [  90% ] 5 VUs      09m03.0s/10m0s
spike ✓ [ 100% ] 00/40 VUs  3m30s        

running (09m04.0s), 05/57 VUs, 1473 complete and 0 interrupted iterations
load  ✓ [ 100% ] 00/10 VUs  9m0s         
smoke ✓ [ 100% ] 2 VUs      0m33.8s/2m0s  10/10 iters, 5 per VU
soak    [  91% ] 5 VUs      09m04.0s/10m0s
spike ✓ [ 100% ] 00/40 VUs  3m30s        

running (09m05.0s), 05/57 VUs, 1474 complete and 0 interrupted iterations
load  ✓ [ 100% ] 00/10 VUs  9m0s         
smoke ✓ [ 100% ] 2 VUs      0m33.8s/2m0s  10/10 iters, 5 per VU
soak    [  91% ] 5 VUs      09m05.0s/10m0s
spike ✓ [ 100% ] 00/40 VUs  3m30s        

running (09m06.0s), 05/57 VUs, 1474 complete and 0 interrupted iterations
load  ✓ [ 100% ] 00/10 VUs  9m0s         
smoke ✓ [ 100% ] 2 VUs      0m33.8s/2m0s  10/10 iters, 5 per VU
soak    [  91% ] 5 VUs      09m06.0s/10m0s
spike ✓ [ 100% ] 00/40 VUs  3m30s        

running (09m07.0s), 05/57 VUs, 1474 complete and 0 interrupted iterations
load  ✓ [ 100% ] 00/10 VUs  9m0s         
smoke ✓ [ 100% ] 2 VUs      0m33.8s/2m0s  10/10 iters, 5 per VU
soak    [  91% ] 5 VUs      09m07.0s/10m0s
spike ✓ [ 100% ] 00/40 VUs  3m30s        

running (09m08.0s), 05/57 VUs, 1474 complete and 0 interrupted iterations
load  ✓ [ 100% ] 00/10 VUs  9m0s         
smoke ✓ [ 100% ] 2 VUs      0m33.8s/2m0s  10/10 iters, 5 per VU
soak    [  91% ] 5 VUs      09m08.0s/10m0s
spike ✓ [ 100% ] 00/40 VUs  3m30s        

running (09m09.0s), 05/57 VUs, 1477 complete and 0 interrupted iterations
load  ✓ [ 100% ] 00/10 VUs  9m0s         
smoke ✓ [ 100% ] 2 VUs      0m33.8s/2m0s  10/10 iters, 5 per VU
soak    [  91% ] 5 VUs      09m09.0s/10m0s
spike ✓ [ 100% ] 00/40 VUs  3m30s        

running (09m10.0s), 05/57 VUs, 1477 complete and 0 interrupted iterations
load  ✓ [ 100% ] 00/10 VUs  9m0s         
smoke ✓ [ 100% ] 2 VUs      0m33.8s/2m0s  10/10 iters, 5 per VU
soak    [  92% ] 5 VUs      09m10.0s/10m0s
spike ✓ [ 100% ] 00/40 VUs  3m30s        

running (09m11.0s), 05/57 VUs, 1479 complete and 0 interrupted iterations
load  ✓ [ 100% ] 00/10 VUs  9m0s         
smoke ✓ [ 100% ] 2 VUs      0m33.8s/2m0s  10/10 iters, 5 per VU
soak    [  92% ] 5 VUs      09m11.0s/10m0s
spike ✓ [ 100% ] 00/40 VUs  3m30s        

running (09m12.0s), 05/57 VUs, 1479 complete and 0 interrupted iterations
load  ✓ [ 100% ] 00/10 VUs  9m0s         
smoke ✓ [ 100% ] 2 VUs      0m33.8s/2m0s  10/10 iters, 5 per VU
soak    [  92% ] 5 VUs      09m12.0s/10m0s
spike ✓ [ 100% ] 00/40 VUs  3m30s        

running (09m13.0s), 05/57 VUs, 1479 complete and 0 interrupted iterations
load  ✓ [ 100% ] 00/10 VUs  9m0s         
smoke ✓ [ 100% ] 2 VUs      0m33.8s/2m0s  10/10 iters, 5 per VU
soak    [  92% ] 5 VUs      09m13.0s/10m0s
spike ✓ [ 100% ] 00/40 VUs  3m30s        

running (09m14.0s), 05/57 VUs, 1479 complete and 0 interrupted iterations
load  ✓ [ 100% ] 00/10 VUs  9m0s         
smoke ✓ [ 100% ] 2 VUs      0m33.8s/2m0s  10/10 iters, 5 per VU
soak    [  92% ] 5 VUs      09m14.0s/10m0s
spike ✓ [ 100% ] 00/40 VUs  3m30s        

running (09m15.0s), 05/57 VUs, 1481 complete and 0 interrupted iterations
load  ✓ [ 100% ] 00/10 VUs  9m0s         
smoke ✓ [ 100% ] 2 VUs      0m33.8s/2m0s  10/10 iters, 5 per VU
soak    [  92% ] 5 VUs      09m15.0s/10m0s
spike ✓ [ 100% ] 00/40 VUs  3m30s        

running (09m16.0s), 05/57 VUs, 1482 complete and 0 interrupted iterations
load  ✓ [ 100% ] 00/10 VUs  9m0s         
smoke ✓ [ 100% ] 2 VUs      0m33.8s/2m0s  10/10 iters, 5 per VU
soak    [  93% ] 5 VUs      09m16.0s/10m0s
spike ✓ [ 100% ] 00/40 VUs  3m30s        

running (09m17.0s), 05/57 VUs, 1483 complete and 0 interrupted iterations
load  ✓ [ 100% ] 00/10 VUs  9m0s         
smoke ✓ [ 100% ] 2 VUs      0m33.8s/2m0s  10/10 iters, 5 per VU
soak    [  93% ] 5 VUs      09m17.0s/10m0s
spike ✓ [ 100% ] 00/40 VUs  3m30s        

running (09m18.0s), 05/57 VUs, 1484 complete and 0 interrupted iterations
load  ✓ [ 100% ] 00/10 VUs  9m0s         
smoke ✓ [ 100% ] 2 VUs      0m33.8s/2m0s  10/10 iters, 5 per VU
soak    [  93% ] 5 VUs      09m18.0s/10m0s
spike ✓ [ 100% ] 00/40 VUs  3m30s        

running (09m19.0s), 05/57 VUs, 1484 complete and 0 interrupted iterations
load  ✓ [ 100% ] 00/10 VUs  9m0s         
smoke ✓ [ 100% ] 2 VUs      0m33.8s/2m0s  10/10 iters, 5 per VU
soak    [  93% ] 5 VUs      09m19.0s/10m0s
spike ✓ [ 100% ] 00/40 VUs  3m30s        

running (09m20.0s), 05/57 VUs, 1484 complete and 0 interrupted iterations
load  ✓ [ 100% ] 00/10 VUs  9m0s         
smoke ✓ [ 100% ] 2 VUs      0m33.8s/2m0s  10/10 iters, 5 per VU
soak    [  93% ] 5 VUs      09m20.0s/10m0s
spike ✓ [ 100% ] 00/40 VUs  3m30s        

running (09m21.0s), 05/57 VUs, 1486 complete and 0 interrupted iterations
load  ✓ [ 100% ] 00/10 VUs  9m0s         
smoke ✓ [ 100% ] 2 VUs      0m33.8s/2m0s  10/10 iters, 5 per VU
soak    [  93% ] 5 VUs      09m21.0s/10m0s
spike ✓ [ 100% ] 00/40 VUs  3m30s        

running (09m22.0s), 05/57 VUs, 1487 complete and 0 interrupted iterations
load  ✓ [ 100% ] 00/10 VUs  9m0s         
smoke ✓ [ 100% ] 2 VUs      0m33.8s/2m0s  10/10 iters, 5 per VU
soak    [  94% ] 5 VUs      09m22.0s/10m0s
spike ✓ [ 100% ] 00/40 VUs  3m30s        

running (09m23.0s), 05/57 VUs, 1488 complete and 0 interrupted iterations
load  ✓ [ 100% ] 00/10 VUs  9m0s         
smoke ✓ [ 100% ] 2 VUs      0m33.8s/2m0s  10/10 iters, 5 per VU
soak    [  94% ] 5 VUs      09m23.0s/10m0s
spike ✓ [ 100% ] 00/40 VUs  3m30s        

running (09m24.0s), 05/57 VUs, 1489 complete and 0 interrupted iterations
load  ✓ [ 100% ] 00/10 VUs  9m0s         
smoke ✓ [ 100% ] 2 VUs      0m33.8s/2m0s  10/10 iters, 5 per VU
soak    [  94% ] 5 VUs      09m24.0s/10m0s
spike ✓ [ 100% ] 00/40 VUs  3m30s        

running (09m25.0s), 05/57 VUs, 1489 complete and 0 interrupted iterations
load  ✓ [ 100% ] 00/10 VUs  9m0s         
smoke ✓ [ 100% ] 2 VUs      0m33.8s/2m0s  10/10 iters, 5 per VU
soak    [  94% ] 5 VUs      09m25.0s/10m0s
spike ✓ [ 100% ] 00/40 VUs  3m30s        

running (09m26.0s), 05/57 VUs, 1489 complete and 0 interrupted iterations
load  ✓ [ 100% ] 00/10 VUs  9m0s         
smoke ✓ [ 100% ] 2 VUs      0m33.8s/2m0s  10/10 iters, 5 per VU
soak    [  94% ] 5 VUs      09m26.0s/10m0s
spike ✓ [ 100% ] 00/40 VUs  3m30s        

running (09m27.0s), 05/57 VUs, 1491 complete and 0 interrupted iterations
load  ✓ [ 100% ] 00/10 VUs  9m0s         
smoke ✓ [ 100% ] 2 VUs      0m33.8s/2m0s  10/10 iters, 5 per VU
soak    [  94% ] 5 VUs      09m27.0s/10m0s
spike ✓ [ 100% ] 00/40 VUs  3m30s        

running (09m28.0s), 05/57 VUs, 1492 complete and 0 interrupted iterations
load  ✓ [ 100% ] 00/10 VUs  9m0s         
smoke ✓ [ 100% ] 2 VUs      0m33.8s/2m0s  10/10 iters, 5 per VU
soak    [  95% ] 5 VUs      09m28.0s/10m0s
spike ✓ [ 100% ] 00/40 VUs  3m30s        

running (09m29.0s), 05/57 VUs, 1493 complete and 0 interrupted iterations
load  ✓ [ 100% ] 00/10 VUs  9m0s         
smoke ✓ [ 100% ] 2 VUs      0m33.8s/2m0s  10/10 iters, 5 per VU
soak    [  95% ] 5 VUs      09m29.0s/10m0s
spike ✓ [ 100% ] 00/40 VUs  3m30s        

running (09m30.0s), 05/57 VUs, 1494 complete and 0 interrupted iterations
load  ✓ [ 100% ] 00/10 VUs  9m0s         
smoke ✓ [ 100% ] 2 VUs      0m33.8s/2m0s  10/10 iters, 5 per VU
soak    [  95% ] 5 VUs      09m30.0s/10m0s
spike ✓ [ 100% ] 00/40 VUs  3m30s        

running (09m31.0s), 05/57 VUs, 1494 complete and 0 interrupted iterations
load  ✓ [ 100% ] 00/10 VUs  9m0s         
smoke ✓ [ 100% ] 2 VUs      0m33.8s/2m0s  10/10 iters, 5 per VU
soak    [  95% ] 5 VUs      09m31.0s/10m0s
spike ✓ [ 100% ] 00/40 VUs  3m30s        

running (09m32.0s), 05/57 VUs, 1495 complete and 0 interrupted iterations
load  ✓ [ 100% ] 00/10 VUs  9m0s         
smoke ✓ [ 100% ] 2 VUs      0m33.8s/2m0s  10/10 iters, 5 per VU
soak    [  95% ] 5 VUs      09m32.0s/10m0s
spike ✓ [ 100% ] 00/40 VUs  3m30s        

running (09m33.0s), 05/57 VUs, 1496 complete and 0 interrupted iterations
load  ✓ [ 100% ] 00/10 VUs  9m0s         
smoke ✓ [ 100% ] 2 VUs      0m33.8s/2m0s  10/10 iters, 5 per VU
soak    [  95% ] 5 VUs      09m33.0s/10m0s
spike ✓ [ 100% ] 00/40 VUs  3m30s        

running (09m34.0s), 05/57 VUs, 1497 complete and 0 interrupted iterations
load  ✓ [ 100% ] 00/10 VUs  9m0s         
smoke ✓ [ 100% ] 2 VUs      0m33.8s/2m0s  10/10 iters, 5 per VU
soak    [  96% ] 5 VUs      09m34.0s/10m0s
spike ✓ [ 100% ] 00/40 VUs  3m30s        

running (09m35.0s), 05/57 VUs, 1497 complete and 0 interrupted iterations
load  ✓ [ 100% ] 00/10 VUs  9m0s         
smoke ✓ [ 100% ] 2 VUs      0m33.8s/2m0s  10/10 iters, 5 per VU
soak    [  96% ] 5 VUs      09m35.0s/10m0s
spike ✓ [ 100% ] 00/40 VUs  3m30s        

running (09m36.0s), 05/57 VUs, 1499 complete and 0 interrupted iterations
load  ✓ [ 100% ] 00/10 VUs  9m0s         
smoke ✓ [ 100% ] 2 VUs      0m33.8s/2m0s  10/10 iters, 5 per VU
soak    [  96% ] 5 VUs      09m36.0s/10m0s
spike ✓ [ 100% ] 00/40 VUs  3m30s        

running (09m37.0s), 05/57 VUs, 1499 complete and 0 interrupted iterations
load  ✓ [ 100% ] 00/10 VUs  9m0s         
smoke ✓ [ 100% ] 2 VUs      0m33.8s/2m0s  10/10 iters, 5 per VU
soak    [  96% ] 5 VUs      09m37.0s/10m0s
spike ✓ [ 100% ] 00/40 VUs  3m30s        

running (09m38.0s), 05/57 VUs, 1499 complete and 0 interrupted iterations
load  ✓ [ 100% ] 00/10 VUs  9m0s         
smoke ✓ [ 100% ] 2 VUs      0m33.8s/2m0s  10/10 iters, 5 per VU
soak    [  96% ] 5 VUs      09m38.0s/10m0s
spike ✓ [ 100% ] 00/40 VUs  3m30s        

running (09m39.0s), 05/57 VUs, 1501 complete and 0 interrupted iterations
load  ✓ [ 100% ] 00/10 VUs  9m0s         
smoke ✓ [ 100% ] 2 VUs      0m33.8s/2m0s  10/10 iters, 5 per VU
soak    [  96% ] 5 VUs      09m39.0s/10m0s
spike ✓ [ 100% ] 00/40 VUs  3m30s        

running (09m40.0s), 05/57 VUs, 1502 complete and 0 interrupted iterations
load  ✓ [ 100% ] 00/10 VUs  9m0s         
smoke ✓ [ 100% ] 2 VUs      0m33.8s/2m0s  10/10 iters, 5 per VU
soak    [  97% ] 5 VUs      09m40.0s/10m0s
spike ✓ [ 100% ] 00/40 VUs  3m30s        

running (09m41.0s), 05/57 VUs, 1502 complete and 0 interrupted iterations
load  ✓ [ 100% ] 00/10 VUs  9m0s         
smoke ✓ [ 100% ] 2 VUs      0m33.8s/2m0s  10/10 iters, 5 per VU
soak    [  97% ] 5 VUs      09m41.0s/10m0s
spike ✓ [ 100% ] 00/40 VUs  3m30s        

running (09m42.0s), 05/57 VUs, 1503 complete and 0 interrupted iterations
load  ✓ [ 100% ] 00/10 VUs  9m0s         
smoke ✓ [ 100% ] 2 VUs      0m33.8s/2m0s  10/10 iters, 5 per VU
soak    [  97% ] 5 VUs      09m42.0s/10m0s
spike ✓ [ 100% ] 00/40 VUs  3m30s        

running (09m43.0s), 05/57 VUs, 1503 complete and 0 interrupted iterations
load  ✓ [ 100% ] 00/10 VUs  9m0s         
smoke ✓ [ 100% ] 2 VUs      0m33.8s/2m0s  10/10 iters, 5 per VU
soak    [  97% ] 5 VUs      09m43.0s/10m0s
spike ✓ [ 100% ] 00/40 VUs  3m30s        

running (09m44.0s), 05/57 VUs, 1505 complete and 0 interrupted iterations
load  ✓ [ 100% ] 00/10 VUs  9m0s         
smoke ✓ [ 100% ] 2 VUs      0m33.8s/2m0s  10/10 iters, 5 per VU
soak    [  97% ] 5 VUs      09m44.0s/10m0s
spike ✓ [ 100% ] 00/40 VUs  3m30s        

running (09m45.0s), 05/57 VUs, 1506 complete and 0 interrupted iterations
load  ✓ [ 100% ] 00/10 VUs  9m0s         
smoke ✓ [ 100% ] 2 VUs      0m33.8s/2m0s  10/10 iters, 5 per VU
soak    [  97% ] 5 VUs      09m45.0s/10m0s
spike ✓ [ 100% ] 00/40 VUs  3m30s        

running (09m46.0s), 05/57 VUs, 1507 complete and 0 interrupted iterations
load  ✓ [ 100% ] 00/10 VUs  9m0s         
smoke ✓ [ 100% ] 2 VUs      0m33.8s/2m0s  10/10 iters, 5 per VU
soak    [  98% ] 5 VUs      09m46.0s/10m0s
spike ✓ [ 100% ] 00/40 VUs  3m30s        

running (09m47.0s), 05/57 VUs, 1507 complete and 0 interrupted iterations
load  ✓ [ 100% ] 00/10 VUs  9m0s         
smoke ✓ [ 100% ] 2 VUs      0m33.8s/2m0s  10/10 iters, 5 per VU
soak    [  98% ] 5 VUs      09m47.0s/10m0s
spike ✓ [ 100% ] 00/40 VUs  3m30s        

running (09m48.0s), 05/57 VUs, 1508 complete and 0 interrupted iterations
load  ✓ [ 100% ] 00/10 VUs  9m0s         
smoke ✓ [ 100% ] 2 VUs      0m33.8s/2m0s  10/10 iters, 5 per VU
soak    [  98% ] 5 VUs      09m48.0s/10m0s
spike ✓ [ 100% ] 00/40 VUs  3m30s        

running (09m49.0s), 05/57 VUs, 1508 complete and 0 interrupted iterations
load  ✓ [ 100% ] 00/10 VUs  9m0s         
smoke ✓ [ 100% ] 2 VUs      0m33.8s/2m0s  10/10 iters, 5 per VU
soak    [  98% ] 5 VUs      09m49.0s/10m0s
spike ✓ [ 100% ] 00/40 VUs  3m30s        

running (09m50.0s), 05/57 VUs, 1508 complete and 0 interrupted iterations
load  ✓ [ 100% ] 00/10 VUs  9m0s         
smoke ✓ [ 100% ] 2 VUs      0m33.8s/2m0s  10/10 iters, 5 per VU
soak    [  98% ] 5 VUs      09m50.0s/10m0s
spike ✓ [ 100% ] 00/40 VUs  3m30s        

running (09m51.0s), 05/57 VUs, 1510 complete and 0 interrupted iterations
load  ✓ [ 100% ] 00/10 VUs  9m0s         
smoke ✓ [ 100% ] 2 VUs      0m33.8s/2m0s  10/10 iters, 5 per VU
soak    [  98% ] 5 VUs      09m51.0s/10m0s
spike ✓ [ 100% ] 00/40 VUs  3m30s        

running (09m52.0s), 05/57 VUs, 1511 complete and 0 interrupted iterations
load  ✓ [ 100% ] 00/10 VUs  9m0s         
smoke ✓ [ 100% ] 2 VUs      0m33.8s/2m0s  10/10 iters, 5 per VU
soak    [  99% ] 5 VUs      09m52.0s/10m0s
spike ✓ [ 100% ] 00/40 VUs  3m30s        

running (09m53.0s), 05/57 VUs, 1512 complete and 0 interrupted iterations
load  ✓ [ 100% ] 00/10 VUs  9m0s         
smoke ✓ [ 100% ] 2 VUs      0m33.8s/2m0s  10/10 iters, 5 per VU
soak    [  99% ] 5 VUs      09m53.0s/10m0s
spike ✓ [ 100% ] 00/40 VUs  3m30s        

running (09m54.0s), 05/57 VUs, 1513 complete and 0 interrupted iterations
load  ✓ [ 100% ] 00/10 VUs  9m0s         
smoke ✓ [ 100% ] 2 VUs      0m33.8s/2m0s  10/10 iters, 5 per VU
soak    [  99% ] 5 VUs      09m54.0s/10m0s
spike ✓ [ 100% ] 00/40 VUs  3m30s        

running (09m55.0s), 05/57 VUs, 1513 complete and 0 interrupted iterations
load  ✓ [ 100% ] 00/10 VUs  9m0s         
smoke ✓ [ 100% ] 2 VUs      0m33.8s/2m0s  10/10 iters, 5 per VU
soak    [  99% ] 5 VUs      09m55.0s/10m0s
spike ✓ [ 100% ] 00/40 VUs  3m30s        

running (09m56.0s), 05/57 VUs, 1513 complete and 0 interrupted iterations
load  ✓ [ 100% ] 00/10 VUs  9m0s         
smoke ✓ [ 100% ] 2 VUs      0m33.8s/2m0s  10/10 iters, 5 per VU
soak    [  99% ] 5 VUs      09m56.0s/10m0s
spike ✓ [ 100% ] 00/40 VUs  3m30s        

running (09m57.0s), 05/57 VUs, 1515 complete and 0 interrupted iterations
load  ✓ [ 100% ] 00/10 VUs  9m0s         
smoke ✓ [ 100% ] 2 VUs      0m33.8s/2m0s  10/10 iters, 5 per VU
soak    [  99% ] 5 VUs      09m57.0s/10m0s
spike ✓ [ 100% ] 00/40 VUs  3m30s        

running (09m58.0s), 05/57 VUs, 1517 complete and 0 interrupted iterations
load  ✓ [ 100% ] 00/10 VUs  9m0s         
smoke ✓ [ 100% ] 2 VUs      0m33.8s/2m0s  10/10 iters, 5 per VU
soak    [ 100% ] 5 VUs      09m58.0s/10m0s
spike ✓ [ 100% ] 00/40 VUs  3m30s        

running (09m59.0s), 05/57 VUs, 1517 complete and 0 interrupted iterations
load  ✓ [ 100% ] 00/10 VUs  9m0s         
smoke ✓ [ 100% ] 2 VUs      0m33.8s/2m0s  10/10 iters, 5 per VU
soak    [ 100% ] 5 VUs      09m59.0s/10m0s
spike ✓ [ 100% ] 00/40 VUs  3m30s        

running (10m00.0s), 05/57 VUs, 1517 complete and 0 interrupted iterations
load  ✓ [ 100% ] 00/10 VUs  9m0s         
smoke ✓ [ 100% ] 2 VUs      0m33.8s/2m0s  10/10 iters, 5 per VU
soak    [ 100% ] 5 VUs      10m00.0s/10m0s
spike ✓ [ 100% ] 00/40 VUs  3m30s        

running (10m01.0s), 04/57 VUs, 1518 complete and 0 interrupted iterations
load  ✓ [ 100% ] 00/10 VUs  9m0s         
smoke ✓ [ 100% ] 2 VUs      0m33.8s/2m0s  10/10 iters, 5 per VU
soak  ↓ [ 100% ] 5 VUs      10m0s        
spike ✓ [ 100% ] 00/40 VUs  3m30s        

running (10m02.0s), 03/57 VUs, 1519 complete and 0 interrupted iterations
load  ✓ [ 100% ] 00/10 VUs  9m0s         
smoke ✓ [ 100% ] 2 VUs      0m33.8s/2m0s  10/10 iters, 5 per VU
soak  ↓ [ 100% ] 5 VUs      10m0s        
spike ✓ [ 100% ] 00/40 VUs  3m30s        

running (10m03.0s), 02/57 VUs, 1520 complete and 0 interrupted iterations
load  ✓ [ 100% ] 00/10 VUs  9m0s         
smoke ✓ [ 100% ] 2 VUs      0m33.8s/2m0s  10/10 iters, 5 per VU
soak  ↓ [ 100% ] 5 VUs      10m0s        
spike ✓ [ 100% ] 00/40 VUs  3m30s        

========== BEGINNER LOAD TEST SUMMARY ==========
Scenario selected: all
Final verdict: FAIL: both reliability and latency thresholds were breached.

1) Gate result (thresholds):
- FAIL | errors (rate<0.02) | actual: 12.50%
- PASS | http_req_failed (rate<0.02) | actual: 0.00%
- FAIL | http_req_duration (p(95)<1500) | actual: 1667.52 ms
- FAIL | http_req_waiting (p(95)<1000) | actual: 1280.02 ms

2) Main health metrics:
- Failed request rate (http_req_failed): 0.00%
- Custom error rate (errors): 12.50%
- Response time p95 (http_req_duration): 1667.52 ms
- TTFB p95 (http_req_waiting): 1280.02 ms

3) Failing checks (what is breaking):
- /sitemap.xml has content: fails=1522, passes=0

How to read quickly:
- Any FAIL in section 1 = run is not accepted.
- In section 3, repeated failures on the same endpoint usually indicate the root cause.
- If p95 is above threshold, performance is too slow for your target.
=================================================

running (10m03.8s), 00/57 VUs, 1522 complete and 0 interrupted iterations
load  ✓ [ 100% ] 00/10 VUs  9m0s         
smoke ✓ [ 100% ] 2 VUs      0m33.8s/2m0s  10/10 iters, 5 per VU
soak  ✓ [ 100% ] 5 VUs      10m0s        
spike ✓ [ 100% ] 00/40 VUs  3m30s        
time="2026-08-25T16:21:10+01:00" level=error msg="thresholds on metrics 'errors, http_req_duration, http_req_waiting' have been crossed"
